date,home_team,away_team,home_score,away_score,tournament,city,country,neutral
2022-12-02,South Korea,Portugal,2.0,1.0,FIFA World Cup,Al Rayyan,Qatar,True
2022-12-02,Ghana,Uruguay,0.0,2.0,FIFA World Cup,Al Wakrah,Qatar,True
2022-12-02,Cameroon,Brazil,1.0,0.0,FIFA World Cup,Lusail,Qatar,True
2022-12-02,Serbia,Switzerland,2.0,3.0,FIFA World Cup,Doha,Qatar,True
2022-12-01,Canada,Morocco,1.0,2.0,FIFA World Cup,Doha,Qatar,True
2022-12-01,Croatia,Belgium,0.0,0.0,FIFA World Cup,Al Rayyan,Qatar,True
2022-12-01,Costa Rica,Germany,2.0,4.0,FIFA World Cup,Al Khor,Qatar,True
2022-12-01,Japan,Spain,2.0,1.0,FIFA World Cup,Al Rayyan,Qatar,True
2022-11-30,Tunisia,France,1.0,0.0,FIFA World Cup,Al Rayyan,Qatar,True
2022-11-30,Australia,Denmark,1.0,0.0,FIFA World Cup,Al Wakrah,Qatar,True
2022-11-30,Saudi Arabia,Mexico,1.0,2.0,FIFA World Cup,Lusail,Qatar,True
2022-11-30,Poland,Argentina,0.0,2.0,FIFA World Cup,Doha,Qatar,True
2022-11-29,Qatar,Netherlands,0.0,1.0,FIFA World Cup,Al Khor,Qatar,False
2022-11-29,Ecuador,Senegal,1.0,2.0,FIFA World Cup,Al Rayyan,Qatar,True
2022-11-29,Iran,United States,0.0,1.0,FIFA World Cup,Doha,Qatar,True
2022-11-29,Wales,England,0.0,3.0,FIFA World Cup,Al Rayyan,Qatar,True
2022-11-28,Portugal,Uruguay,2.0,0.0,FIFA World Cup,Lusail,Qatar,True
2022-11-28,South Korea,Ghana,2.0,3.0,FIFA World Cup,Al Rayyan,Qatar,True
2022-11-28,Brazil,Switzerland,1.0,0.0,FIFA World Cup,Doha,Qatar,True
2022-11-28,Cameroon,Serbia,3.0,3.0,FIFA World Cup,Al Wakrah,Qatar,True
2022-11-27,Croatia,Canada,4.0,1.0,FIFA World Cup,Al Rayyan,Qatar,True
2022-11-27,Belgium,Morocco,0.0,2.0,FIFA World Cup,Doha,Qatar,True
2022-11-27,Spain,Germany,1.0,1.0,FIFA World Cup,Al Khor,Qatar,True
2022-11-27,Japan,Costa Rica,0.0,1.0,FIFA World Cup,Al Rayyan,Qatar,True
2022-11-26,Tunisia,Australia,0.0,1.0,FIFA World Cup,Al Wakrah,Qatar,True
2022-11-26,Argentina,Mexico,2.0,0.0,FIFA World Cup,Lusail,Qatar,True
2022-11-26,Poland,Saudi Arabia,2.0,0.0,FIFA World Cup,Al Rayyan,Qatar,True
2022-11-26,France,Denmark,2.0,1.0,FIFA World Cup,Doha,Qatar,True
2022-11-25,England,United States,0.0,0.0,FIFA World Cup,Al Khor,Qatar,True
2022-11-25,Wales,Iran,0.0,2.0,FIFA World Cup,Al Rayyan,Qatar,True
2022-11-25,Netherlands,Ecuador,1.0,1.0,FIFA World Cup,Al Rayyan,Qatar,True
2022-11-25,Qatar,Senegal,1.0,3.0,FIFA World Cup,Doha,Qatar,False
2022-11-24,Portugal,Ghana,3.0,2.0,FIFA World Cup,Doha,Qatar,True
2022-11-24,Uruguay,South Korea,0.0,0.0,FIFA World Cup,Al Rayyan,Qatar,True
2022-11-24,Brazil,Serbia,2.0,0.0,FIFA World Cup,Lusail,Qatar,True
2022-11-24,Switzerland,Cameroon,1.0,0.0,FIFA World Cup,Al Wakrah,Qatar,True
2022-11-23,Belgium,Canada,1.0,0.0,FIFA World Cup,Al Rayyan,Qatar,True
2022-11-23,Morocco,Croatia,0.0,0.0,FIFA World Cup,Al Khor,Qatar,True
2022-11-23,Spain,Costa Rica,7.0,0.0,FIFA World Cup,Doha,Qatar,True
2022-11-23,Germany,Japan,1.0,2.0,FIFA World Cup,Al Rayyan,Qatar,True
2022-11-22,Mexico,Poland,0.0,0.0,FIFA World Cup,Doha,Qatar,True
2022-11-22,Argentina,Saudi Arabia,1.0,2.0,FIFA World Cup,Lusail,Qatar,True
2022-11-22,France,Australia,4.0,1.0,FIFA World Cup,Al Wakrah,Qatar,True
2022-11-22,Denmark,Tunisia,0.0,0.0,FIFA World Cup,Al Rayyan,Qatar,True
2022-11-21,United States,Wales,1.0,1.0,FIFA World Cup,Al Rayyan,Qatar,True
2022-11-21,England,Iran,6.0,2.0,FIFA World Cup,Al Rayyan,Qatar,True
2022-11-21,Senegal,Netherlands,0.0,2.0,FIFA World Cup,Doha,Qatar,True
2022-11-20,Norway,Finland,1.0,1.0,Friendly,Oslo,Norway,False
2022-11-20,Austria,Italy,2.0,0.0,Friendly,Vienna,Austria,False
2022-11-20,Gambia,Guinea-Bissau,0.0,0.0,Friendly,Antalya,Turkey,True
2022-11-20,Hungary,Greece,2.0,1.0,Friendly,Budapest,Hungary,False
2022-11-20,Israel,Cyprus,2.0,3.0,Friendly,Petah Tikva,Israel,False
2022-11-20,Luxembourg,Bulgaria,0.0,0.0,Friendly,Luxembourg,Luxembourg,False
2022-11-20,Malta,Republic of Ireland,0.0,1.0,Friendly,Ta' Qali,Malta,False
2022-11-20,Moldova,Romania,0.0,5.0,Friendly,Chișinău,Moldova,False
2022-11-20,Niger,Gabon,1.0,3.0,Friendly,Antalya,Turkey,True
2022-11-20,North Macedonia,Azerbaijan,1.0,3.0,Friendly,Skopje,North Macedonia,False
2022-11-20,Slovakia,Chile,0.0,0.0,Friendly,Bratislava,Slovakia,False
2022-11-20,Slovenia,Montenegro,1.0,0.0,Friendly,Ljubljana,Slovenia,False
2022-11-20,South Africa,Angola,1.0,1.0,Friendly,Mbombela,South Africa,False
2022-11-20,Saint Lucia,San Marino,1.0,0.0,Friendly,Gros Islet,Saint Lucia,False
2022-11-20,Syria,Venezuela,1.0,2.0,Friendly,Dubai,United Arab Emirates,True
2022-11-20,Uzbekistan,Russia,0.0,0.0,Friendly,Tashkent,Uzbekistan,False
2022-11-20,Qatar,Ecuador,0.0,2.0,FIFA World Cup,Al Khor,Qatar,False
2022-11-20,Oman,Belarus,2.0,0.0,Friendly,Al Ain,United Arab Emirates,True
2022-11-19,Ivory Coast,Burkina Faso,1.0,2.0,Friendly,Marrakech,Morocco,True
2022-11-19,Kuwait,Lebanon,2.0,0.0,Friendly,Dubai,United Arab Emirates,True
2022-11-19,Albania,Armenia,2.0,0.0,Friendly,Tirana,Albania,False
2022-11-19,Colombia,Paraguay,2.0,0.0,Friendly,Fort Lauderdale,United States,True
2022-11-19,Gibraltar,Andorra,1.0,0.0,Friendly,Gibraltar,Gibraltar,False
2022-11-19,Guatemala,Nicaragua,3.0,1.0,Friendly,Carson,United States,True
2022-11-19,Kosovo,Faroe Islands,1.0,1.0,Friendly,Pristina,Kosovo,False
2022-11-19,Turkey,Czech Republic,2.0,1.0,Friendly,Gaziantep,Turkey,False
2022-11-19,Peru,Bolivia,1.0,0.0,Friendly,Arequipa,Peru,False
2022-11-19,Rwanda,Sudan,1.0,0.0,Friendly,Kigali,Rwanda,False
2022-11-19,Sweden,Algeria,2.0,0.0,Friendly,Malmö,Sweden,False
2022-11-19,United Arab Emirates,Kazakhstan,2.0,1.0,Friendly,Abu Dhabi,United Arab Emirates,False
2022-11-19,Estonia,Lithuania,2.0,0.0,Baltic Cup,Tallinn,Estonia,False
2022-11-19,Latvia,Iceland,1.0,1.0,Baltic Cup,Riga,Latvia,False
2022-11-18,Dominican Republic,Cuba,1.0,1.0,Friendly,San Cristóbal,Dominican Republic,False
2022-11-18,Bahrain,Serbia,1.0,5.0,Friendly,Arad,Bahrain,False
2022-11-18,Cameroon,Panama,1.0,1.0,Friendly,Abu Dhabi,United Arab Emirates,True
2022-11-18,Egypt,Belgium,2.0,1.0,Friendly,Kuwait City,Kuwait,True
2022-11-17,Angola,Botswana,1.0,0.0,Friendly,Soweto,South Africa,True
2022-11-17,Gabon,Guinea-Bissau,3.0,1.0,Friendly,Antalya,Turkey,True
2022-11-17,Israel,Zambia,4.0,2.0,Friendly,Petah Tikva,Israel,False
2022-11-17,Niger,Libya,2.0,3.0,Friendly,Antalya,Turkey,True
2022-11-17,Japan,Canada,1.0,2.0,Friendly,Dubai,United Arab Emirates,True
2022-11-17,Jordan,Spain,1.0,3.0,Friendly,Amman,Jordan,False
2022-11-17,Luxembourg,Hungary,2.0,2.0,Friendly,Luxembourg,Luxembourg,False
2022-11-17,Malta,Greece,2.0,2.0,Friendly,Ta' Qali,Malta,False
2022-11-17,Montenegro,Slovakia,2.0,2.0,Friendly,Podgorica,Montenegro,False
2022-11-17,Morocco,Georgia,3.0,0.0,Friendly,Sharjah,United Arab Emirates,True
2022-11-17,Switzerland,Ghana,0.0,2.0,Friendly,Abu Dhabi,United Arab Emirates,True
2022-11-17,North Macedonia,Finland,1.0,1.0,Friendly,Skopje,North Macedonia,False
2022-11-17,Portugal,Nigeria,4.0,0.0,Friendly,Lisbon,Portugal,False
2022-11-17,Republic of Ireland,Norway,1.0,2.0,Friendly,Dublin,Republic of Ireland,False
2022-11-17,Romania,Slovenia,1.0,2.0,Friendly,Cluj-Napoca,Romania,False
2022-11-17,Rwanda,Sudan,0.0,0.0,Friendly,Kigali,Rwanda,False
2022-11-17,South Africa,Mozambique,2.0,1.0,Friendly,Mbombela,South Africa,False
2022-11-17,Saint Lucia,San Marino,1.0,1.0,Friendly,Gros Islet,Saint Lucia,False
2022-11-17,Syria,Belarus,0.0,1.0,Friendly,Dubai,United Arab Emirates,True
2022-11-17,Tajikistan,Russia,0.0,0.0,Friendly,Dushanbe,Tajikistan,False
2022-11-16,Dominican Republic,Cuba,2.0,4.0,Friendly,Santiago de los Caballeros,Dominican Republic,False
2022-11-16,Kosovo,Armenia,2.0,2.0,Friendly,Pristina,Kosovo,False
2022-11-16,Ivory Coast,Burundi,4.0,0.0,Friendly,Marrakech,Morocco,True
2022-11-16,Iran,Tunisia,0.0,2.0,Friendly,Doha,Qatar,True
2022-11-16,Gibraltar,Liechtenstein,2.0,0.0,Friendly,Gibraltar,Gibraltar,False
2022-11-16,Moldova,Azerbaijan,1.0,2.0,Friendly,Chișinău,Moldova,False
2022-11-16,Czech Republic,Faroe Islands,5.0,0.0,Friendly,Olomouc,Czech Republic,False
2022-11-16,Cyprus,Bulgaria,0.0,2.0,Friendly,Larnaca,Cyprus,False
2022-11-16,Andorra,Austria,0.0,1.0,Friendly,Malaga,Spain,True
2022-11-16,Algeria,Mali,1.0,1.0,Friendly,Oran,Algeria,False
2022-11-16,Albania,Italy,1.0,3.0,Friendly,Tirana,Albania,False
2022-11-16,Mexico,Sweden,1.0,2.0,Friendly,Girona,Spain,True
2022-11-16,Oman,Germany,0.0,1.0,Friendly,Muscat,Oman,False
2022-11-16,Nepal,Pakistan,1.0,0.0,Friendly,Kathmandu,Nepal,False
2022-11-16,Turkey,Scotland,2.0,1.0,Friendly,Diyarbakir,Turkey,False
2022-11-16,Latvia,Estonia,1.0,1.0,Baltic Cup,Riga,Latvia,False
2022-11-16,Lithuania,Iceland,0.0,0.0,Baltic Cup,Kaunas,Lithuania,False
2022-11-16,Uzbekistan,Kazakhstan,2.0,0.0,Friendly,Tashkent,Uzbekistan,False
2022-11-16,United Arab Emirates,Argentina,0.0,5.0,Friendly,Abu Dhabi,United Arab Emirates,False
2022-11-16,Nicaragua,El Salvador,1.0,0.0,Friendly,Managua,Nicaragua,False
2022-11-16,Saudi Arabia,Croatia,0.0,1.0,Friendly,Riyadh,Saudi Arabia,False
2022-11-16,Peru,Paraguay,1.0,0.0,Friendly,Lima,Peru,False
2022-11-16,Poland,Chile,1.0,0.0,Friendly,Warsaw,Poland,False
2022-11-15,Venezuela,Panama,2.0,2.0,Friendly,Al Hamriyah,United Arab Emirates,True
2022-11-13,Syria,Algeria,0.0,1.0,Friendly,Sharjah,United Arab Emirates,True
2022-11-12,Iraq,Ecuador,0.0,0.0,Friendly,Madrid,Spain,True
2022-11-11,South Korea,Iceland,1.0,0.0,Friendly,Hwaseong,South Korea,False
2022-11-11,Bahrain,Canada,2.0,2.0,Friendly,Isa Town,Bahrain,False
2022-11-10,Iran,Nicaragua,1.0,0.0,Friendly,Tehran,Iran,False
2022-11-10,Saudi Arabia,Panama,1.0,1.0,Friendly,Abu Dhabi,United Arab Emirates,True
2022-11-09,Mexico,Iraq,4.0,0.0,Friendly,Girona,Spain,True
2022-11-09,Costa Rica,Nigeria,2.0,0.0,Friendly,San José,Costa Rica,False
2022-11-09,Cameroon,Jamaica,1.0,1.0,Friendly,Yaoundé,Cameroon,False
2022-11-09,Albania,Qatar,0.0,1.0,Friendly,Marbella,Spain,True
2022-11-08,Brunei,Timor-Leste,0.0,1.0,AFF Championship qualification,Bandar Seri Begawan,Brunei,False
2022-11-07,Qatar,Panama,2.0,1.0,Friendly,Marbella,Spain,True
2022-11-06,Saudi Arabia,Iceland,1.0,0.0,Friendly,Abu Dhabi,United Arab Emirates,True
2022-11-05,Brunei,Timor-Leste,6.0,2.0,AFF Championship qualification,Bandar Seri Begawan,Brunei,False
2022-10-30,Saudi Arabia,Honduras,0.0,0.0,Friendly,Abu Dhabi,United Arab Emirates,True
2022-10-27,Qatar,Honduras,1.0,0.0,Friendly,Marbella,Spain,True
2022-10-26,Saudi Arabia,Albania,1.0,1.0,Friendly,Abu Dhabi,United Arab Emirates,True
2022-10-23,Qatar,Guatemala,2.0,0.0,Friendly,Málaga,Spain,True
2022-10-22,Saudi Arabia,North Macedonia,1.0,0.0,Friendly,Abu Dhabi,United Arab Emirates,True
2022-10-01,Saint Vincent and the Grenadines,Grenada,1.0,5.0,Friendly,Kingstown,Saint Vincent and the Grenadines,False
2022-09-30,Fiji,Solomon Islands,1.0,0.0,MSG Prime Minister's Cup,Luganville,Vanuatu,True
2022-09-27,Ecuador,Japan,0.0,0.0,Kirin Challenge Cup,Düsseldorf,Germany,True
2022-09-27,South Korea,Cameroon,1.0,0.0,Friendly,Seoul,South Korea,False
2022-09-27,Ivory Coast,Guinea,3.0,1.0,Friendly,Amiens,France,True
2022-09-27,Iran,Senegal,1.0,1.0,Friendly,Maria Enzersdorf,Austria,True
2022-09-27,Indonesia,Curaçao,2.0,1.0,Friendly,Cibinong,Indonesia,False
2022-09-27,Honduras,Guatemala,2.0,1.0,Friendly,Houston,United States,True
2022-09-27,Ghana,Nicaragua,1.0,0.0,Friendly,Lorca,Spain,True
2022-09-27,Equatorial Guinea,Togo,2.0,2.0,Friendly,Casablanca,Morocco,True
2022-09-27,Egypt,Liberia,3.0,0.0,Friendly,Alexandria,Egypt,False
2022-09-27,Madagascar,Benin,3.0,1.0,Friendly,Mohammedia,Morocco,True
2022-09-27,Costa Rica,Uzbekistan,2.0,1.0,Friendly,Suwon,South Korea,True
2022-09-27,DR Congo,Sierra Leone,3.0,0.0,Friendly,Casablanca,Morocco,True
2022-09-27,Burkina Faso,Comoros,2.0,1.0,Friendly,Casablanca,Morocco,True
2022-09-27,Brunei Darussalam,Laos,1.0,0.0,Friendly,Bandar Seri Begawan,Brunei,True
2022-09-27,Brazil,Tunisia,5.0,1.0,Friendly,Paris,France,True
2022-09-27,Bahrain,Panama,0.0,2.0,Friendly,Riffa,Bahrain,False
2022-09-27,Argentina,Jamaica,3.0,0.0,Friendly,Harrison,United States,True
2022-09-27,Algeria,Nigeria,2.0,1.0,Friendly,Oran,Algeria,False
2022-09-27,Fiji,Papua New Guinea,0.0,1.0,MSG Prime Minister's Cup,Luganville,Vanuatu,True
2022-09-27,Canada,Uruguay,0.0,2.0,Friendly,Bratislava,Slovakia,True
2022-09-27,Libya,Tanzania,2.0,1.0,Friendly,Benghazi,Libya,False
2022-09-27,Malta,Israel,2.0,1.0,Friendly,Ta' Qali,Malta,False
2022-09-27,Portugal,Spain,0.0,1.0,UEFA Nations League,Braga,Portugal,False
2022-09-27,Mauritania,Congo,2.0,0.0,Friendly,Mohammedia,Morocco,True
2022-09-27,Greece,Northern Ireland,3.0,1.0,UEFA Nations League,Athens,Greece,False
2022-09-27,Kosovo,Cyprus,5.0,1.0,UEFA Nations League,Pristina,Kosovo,False
2022-09-27,Sweden,Slovenia,1.0,1.0,UEFA Nations League,Stockholm,Sweden,False
2022-09-27,Norway,Serbia,0.0,2.0,UEFA Nations League,Oslo,Norway,False
2022-09-27,Albania,Iceland,1.0,1.0,UEFA Nations League,Tirana,Albania,False
2022-09-27,Ukraine,Scotland,0.0,0.0,UEFA Nations League,Kraków,Poland,True
2022-09-27,Republic of Ireland,Armenia,3.0,2.0,UEFA Nations League,Dublin,Republic of Ireland,False
2022-09-27,Switzerland,Czech Republic,2.0,1.0,UEFA Nations League,St. Gallen,Switzerland,False
2022-09-27,Vietnam,India,3.0,0.0,Friendly,Ho Chi Minh City,Vietnam,False
2022-09-27,United Arab Emirates,Venezuela,0.0,4.0,Friendly,Wiener Neustadt,Austria,True
2022-09-27,South Africa,Botswana,1.0,0.0,Friendly,Johannesburg,South Africa,False
2022-09-27,Saudi Arabia,United States,0.0,0.0,Friendly,Murcia,Spain,True
2022-09-27,Qatar,Chile,2.0,2.0,Friendly,Vienna,Austria,True
2022-09-27,Peru,El Salvador,4.0,1.0,Friendly,Washington,United States,True
2022-09-27,Paraguay,Morocco,0.0,0.0,Friendly,Sevilla,Spain,True
2022-09-27,Nepal,Bangladesh,3.0,1.0,Friendly,Kathmandu,Nepal,False
2022-09-27,Mexico,Colombia,2.0,3.0,Friendly,Santa Clara,United States,True
2022-09-26,Montenegro,Finland,0.0,2.0,UEFA Nations League,Podgorica,Montenegro,False
2022-09-26,Ethiopia,Sudan,2.0,2.0,Friendly,Addis Ababa,Ethiopia,False
2022-09-26,Iraq,Syria,1.0,0.0,Jordan International Tournament,Amman,Jordan,True
2022-09-26,England,Germany,3.0,3.0,UEFA Nations League,London,England,False
2022-09-26,Hungary,Italy,0.0,2.0,UEFA Nations League,Budapest,Hungary,False
2022-09-26,Jordan,Oman,1.0,0.0,Jordan International Tournament,Amman,Jordan,False
2022-09-26,Romania,Bosnia and Herzegovina,4.0,1.0,UEFA Nations League,Bucharest,Romania,False
2022-09-26,North Macedonia,Bulgaria,0.0,1.0,UEFA Nations League,Skopje,North Macedonia,False
2022-09-26,San Marino,Estonia,0.0,4.0,UEFA Nations League,Serravalle,San Marino,False
2022-09-26,Gibraltar,Georgia,1.0,2.0,UEFA Nations League,Gibraltar,Gibraltar,False
2022-09-25,Netherlands,Belgium,1.0,0.0,UEFA Nations League,Amsterdam,Netherlands,False
2022-09-25,Thailand,Trinidad and Tobago,2.0,1.0,King's Cup,Chiang Mai,Thailand,False
2022-09-25,Malaysia,Tajikistan,0.0,0.0,King's Cup,Chiang Mai,Thailand,True
2022-09-25,New Zealand,Australia,0.0,2.0,Friendly,Auckland,New Zealand,False
2022-09-25,Austria,Croatia,1.0,3.0,UEFA Nations League,Vienna,Austria,False
2022-09-25,Denmark,France,2.0,0.0,UEFA Nations League,Copenhagen,Denmark,False
2022-09-25,Wales,Poland,0.0,1.0,UEFA Nations League,Cardiff,Wales,False
2022-09-25,Niger,Liberia,0.0,0.0,Friendly,Cairo,Egypt,True
2022-09-25,Faroe Islands,Turkey,2.0,1.0,UEFA Nations League,Tórshavn,Faroe Islands,False
2022-09-25,Slovakia,Belarus,1.0,1.0,UEFA Nations League,Bačka Topola,Serbia,True
2022-09-25,Azerbaijan,Kazakhstan,3.0,0.0,UEFA Nations League,Baku,Azerbaijan,False
2022-09-25,Andorra,Latvia,1.0,1.0,UEFA Nations League,Andorra la Vella,Andorra,False
2022-09-25,Moldova,Liechtenstein,2.0,0.0,UEFA Nations League,Chișinău,Moldova,False
2022-09-25,Luxembourg,Lithuania,1.0,0.0,UEFA Nations League,Luxembourg,Luxembourg,False
2022-09-24,India,Singapore,1.0,1.0,Friendly,Ho Chi Minh City,Vietnam,True
2022-09-24,Madagascar,Congo,3.0,3.0,Friendly,Mohammedia,Morocco,True
2022-09-24,Laos,Maldives,1.0,3.0,Friendly,Bandar Seri Begawan,Brunei,True
2022-09-24,Ivory Coast,Togo,2.0,1.0,Friendly,Rouen,France,True
2022-09-24,Indonesia,Curaçao,3.0,2.0,Friendly,Bandung,Indonesia,False
2022-09-24,Fiji,Solomon Islands,2.0,2.0,MSG Prime Minister's Cup,Luganville,Vanuatu,True
2022-09-24,Hong Kong,Myanmar,0.0,0.0,Friendly,Hong Kong,Hong Kong,False
2022-09-24,Grenada,Saint Vincent and the Grenadines,1.0,3.0,Friendly,Carriacou,Grenada,False
2022-09-24,Colombia,Guatemala,4.0,1.0,Friendly,Harrison,United States,True
2022-09-24,Bolivia,Senegal,0.0,2.0,Friendly,Orléans,France,True
2022-09-24,Mexico,Peru,1.0,0.0,Friendly,Pasadena,United States,True
2022-09-24,Mauritania,Benin,1.0,0.0,Friendly,Mohammedia,Morocco,True
2022-09-24,Spain,Switzerland,1.0,2.0,UEFA Nations League,Zaragoza,Spain,False
2022-09-24,South Africa,Sierra Leone,4.0,0.0,Friendly,Johannesburg,South Africa,False
2022-09-24,Scotland,Republic of Ireland,2.0,1.0,UEFA Nations League,Glasgow,Scotland,False
2022-09-24,Cyprus,Greece,1.0,0.0,UEFA Nations League,Larnaca,Cyprus,False
2022-09-24,Northern Ireland,Kosovo,2.0,1.0,UEFA Nations League,Belfast,Northern Ireland,False
2022-09-24,Serbia,Sweden,4.0,1.0,UEFA Nations League,Belgrade,Serbia,False
2022-09-24,Israel,Albania,2.0,1.0,UEFA Nations League,Tel Aviv,Israel,False
2022-09-24,Slovenia,Norway,2.0,1.0,UEFA Nations League,Ljubljana,Slovenia,False
2022-09-24,Armenia,Ukraine,0.0,5.0,UEFA Nations League,Yerevan,Armenia,False
2022-09-24,Tanzania,Uganda,1.0,0.0,Friendly,Benghazi,Libya,True
2022-09-24,Czech Republic,Portugal,0.0,4.0,UEFA Nations League,Prague,Czech Republic,False
2022-09-24,Vanuatu,Papua New Guinea,0.0,1.0,MSG Prime Minister's Cup,Port Vila,Vanuatu,False
2022-09-23,Cameroon,Uzbekistan,0.0,2.0,Friendly,Goyang,South Korea,True
2022-09-23,Iraq,Oman,1.0,1.0,Jordan International Tournament,Amman,Jordan,True
2022-09-23,Iran,Uruguay,1.0,0.0,Friendly,Sankt Pölten,Austria,True
2022-09-23,Egypt,Niger,3.0,0.0,Friendly,Alexandria,Egypt,False
2022-09-23,DR Congo,Burkina Faso,0.0,1.0,Friendly,Casablanca,Morocco,True
2022-09-23,Canada,Qatar,2.0,0.0,Friendly,Vienna,Austria,True
2022-09-23,Japan,United States,2.0,0.0,Kirin Challenge Cup,Düsseldorf,Germany,True
2022-09-23,Brazil,Ghana,3.0,0.0,Friendly,Le Havre,France,True
2022-09-23,Bahrain,Cape Verde,1.0,2.0,Friendly,Riffa,Bahrain,False
2022-09-23,Argentina,Honduras,3.0,0.0,Friendly,Miami Gardens,United States,True
2022-09-23,Algeria,Guinea,1.0,0.0,Friendly,Oran,Algeria,False
2022-09-23,South Korea,Costa Rica,2.0,2.0,Friendly,Goyang,South Korea,False
2022-09-23,Jordan,Syria,2.0,0.0,Jordan International Tournament,Amman,Jordan,False
2022-09-23,Morocco,Chile,2.0,0.0,Friendly,Barcelona,Spain,True
2022-09-23,Mali,Zambia,1.0,0.0,Friendly,Bamako,Mali,False
2022-09-23,Italy,England,1.0,0.0,UEFA Nations League,Milan,Italy,False
2022-09-23,Estonia,Malta,2.0,1.0,UEFA Nations League,Tallinn,Estonia,False
2022-09-23,Bulgaria,Gibraltar,5.0,1.0,UEFA Nations League,Razgrad,Bulgaria,False
2022-09-23,Finland,Romania,1.0,1.0,UEFA Nations League,Helsinki,Finland,False
2022-09-23,Bosnia and Herzegovina,Montenegro,1.0,0.0,UEFA Nations League,Zenica,Bosnia and Herzegovina,False
2022-09-23,Georgia,North Macedonia,2.0,0.0,UEFA Nations League,Tbilisi,Georgia,False
2022-09-23,Germany,Hungary,0.0,1.0,UEFA Nations League,Leipzig,Germany,False
2022-09-23,Saudi Arabia,Ecuador,0.0,0.0,Friendly,Murcia,Spain,True
2022-09-23,Rwanda,Equatorial Guinea,0.0,0.0,Friendly,Berrechid,Egypt,True
2022-09-23,Paraguay,United Arab Emirates,1.0,0.0,Friendly,Wiener Neustadt,Austria,True
2022-09-22,France,Austria,2.0,0.0,UEFA Nations League,Paris,France,False
2022-09-22,Cambodia,Bangladesh,0.0,1.0,Friendly,Phnom Penh,Cambodia,False
2022-09-22,Comoros,Tunisia,0.0,1.0,Friendly,Orléans,France,True
2022-09-22,Iceland,Venezuela,1.0,0.0,Friendly,Maria Enzersdorf,Austria,True
2022-09-22,Suriname,Nicaragua,2.0,1.0,Friendly,Almere,Netherlands,True
2022-09-22,Thailand,Malaysia,1.0,1.0,King's Cup,Chiang Mai,Thailand,False
2022-09-22,Trinidad and Tobago,Tajikistan,1.0,2.0,King's Cup,Chiang Mai,Thailand,True
2022-09-22,Croatia,Denmark,2.0,1.0,UEFA Nations League,Zagreb,Croatia,False
2022-09-22,Australia,New Zealand,1.0,0.0,Friendly,Brisbane,Australia,False
2022-09-22,Belgium,Wales,2.0,1.0,UEFA Nations League,Brussels,Belgium,False
2022-09-22,Slovakia,Azerbaijan,1.0,2.0,UEFA Nations League,Trnava,Slovakia,False
2022-09-22,Liechtenstein,Andorra,0.0,2.0,UEFA Nations League,Vaduz,Liechtenstein,False
2022-09-22,Latvia,Moldova,1.0,2.0,UEFA Nations League,Riga,Latvia,False
2022-09-22,Poland,Netherlands,0.0,2.0,UEFA Nations League,Warsaw,Poland,False
2022-09-22,Kazakhstan,Belarus,2.0,1.0,UEFA Nations League,Astana,Kazakhstan,False
2022-09-22,Turkey,Luxembourg,3.0,3.0,UEFA Nations League,Istanbul,Turkey,False
2022-09-22,Lithuania,Faroe Islands,1.0,1.0,UEFA Nations League,Vilnius,Lithuania,False
2022-09-21,Scotland,Ukraine,3.0,0.0,UEFA Nations League,Glasgow,Scotland,False
2022-09-21,Vietnam,Singapore,4.0,0.0,Friendly,Ho Chi Minh City,Vietnam,False
2022-09-21,San Marino,Seychelles,0.0,0.0,Friendly,Serravalle,San Marino,False
2022-09-21,Libya,Uganda,0.0,0.0,Friendly,Benghazi,Libya,False
2022-09-21,Hong Kong,Myanmar,2.0,0.0,Friendly,Hong Kong,Hong Kong,False
2022-09-21,Brunei Darussalam,Maldives,0.0,3.0,Friendly,Bandar Seri Begawan,Brunei,True
2022-09-21,Solomon Islands,New Caledonia,1.0,0.0,MSG Prime Minister's Cup,Luganville,Vanuatu,True
2022-09-17,Fiji,New Caledonia,1.0,0.0,MSG Prime Minister's Cup,Luganville,Vanuatu,True
2022-08-31,Mexico,Paraguay,0.0,1.0,Friendly,Atlanta,United States,True
2022-06-19,Aymara,Maule Sur,0.0,1.0,CONIFA South America Football Cup,Linares,Chile,True
2022-06-18,Mapuche,Aymara,3.0,1.0,CONIFA South America Football Cup,Linares,Chile,True
2022-06-17,Mapuche,Maule Sur,0.0,1.0,CONIFA South America Football Cup,Linares,Chile,True
2022-06-14,French Guiana,Belize,1.0,0.0,CONCACAF Nations League,Cayenne,French Guiana,False
2022-06-14,Bahrain,Turkmenistan,1.0,0.0,AFC Asian Cup qualification,Kuala Lumpur,Malaysia,True
2022-06-14,El Salvador,United States,1.0,1.0,CONCACAF Nations League,San Salvador,El Salvador,False
2022-06-14,Jamaica,Mexico,1.0,1.0,CONCACAF Nations League,Kingston,Jamaica,False
2022-06-14,Kyrgyzstan,Tajikistan,0.0,0.0,AFC Asian Cup qualification,Bishkek,Kyrgyzstan,False
2022-06-14,Myanmar,Singapore,2.0,6.0,AFC Asian Cup qualification,Bishkek,Kyrgyzstan,True
2022-06-14,Malaysia,Bangladesh,4.0,1.0,AFC Asian Cup qualification,Kuala Lumpur,Malaysia,False
2022-06-14,Costa Rica,New Zealand,1.0,0.0,FIFA World Cup qualification,Al Rayyan,Qatar,True
2022-06-14,Afghanistan,Cambodia,2.0,2.0,AFC Asian Cup qualification,Kolkota,India,True
2022-06-14,India,Hong Kong,4.0,0.0,AFC Asian Cup qualification,Kolkota,India,False
2022-06-14,Uzbekistan,Thailand,2.0,0.0,AFC Asian Cup qualification,Namangan,Uzbekistan,False
2022-06-14,Maldives,Sri Lanka,1.0,0.0,AFC Asian Cup qualification,Namangan,Uzbekistan,True
2022-06-14,Mongolia,Yemen,2.0,0.0,AFC Asian Cup qualification,Ulaanbaatar,Mongolia,False
2022-06-14,Palestine,Philippines,4.0,0.0,AFC Asian Cup qualification,Ulaanbaatar,Mongolia,True
2022-06-14,Indonesia,Nepal,7.0,0.0,AFC Asian Cup qualification,Kuwait City,Kuwait,True
2022-06-14,Kuwait,Jordan,0.0,3.0,AFC Asian Cup qualification,Kuwait City,Kuwait,False
2022-06-14,Haiti,Guyana,6.0,0.0,CONCACAF Nations League,Santo Domingo,Dominican Republic,True
2022-06-14,Ukraine,Republic of Ireland,1.0,1.0,UEFA Nations League,Łódź,Poland,True
2022-06-14,Bonaire,United States Virgin Islands,2.0,0.0,CONCACAF Nations League,Willemstad,Curaçao,True
2022-06-14,Luxembourg,Faroe Islands,2.0,2.0,UEFA Nations League,Luxembourg,Luxembourg,False
2022-06-14,South Korea,Egypt,4.0,1.0,Friendly,Seoul,South Korea,False
2022-06-14,Japan,Tunisia,0.0,3.0,Kirin Cup,Suita,Japan,False
2022-06-14,Chile,Ghana,0.0,0.0,Kirin Cup,Suita,Japan,True
2022-06-14,Liechtenstein,Latvia,0.0,2.0,UEFA Nations League,Vaduz,Liechtenstein,False
2022-06-14,Turks and Caicos Islands,Sint Maarten,2.0,0.0,CONCACAF Nations League,Providenciales,Turks and Caicos Islands,False
2022-06-14,Turkey,Lithuania,2.0,0.0,UEFA Nations League,İzmir,Turkey,False
2022-06-14,Moldova,Andorra,2.0,1.0,UEFA Nations League,Chișinău,Moldova,False
2022-06-14,Romania,Montenegro,0.0,3.0,UEFA Nations League,Bucharest,Romania,False
2022-06-14,Bosnia and Herzegovina,Finland,3.0,2.0,UEFA Nations League,Zenica,Bosnia and Herzegovina,False
2022-06-14,Armenia,Scotland,1.0,4.0,UEFA Nations League,Yerevan,Armenia,False
2022-06-14,Poland,Belgium,0.0,1.0,UEFA Nations League,Warsaw,Poland,False
2022-06-14,Netherlands,Wales,3.0,2.0,UEFA Nations League,Rotterdam,Netherlands,False
2022-06-14,Germany,Italy,5.0,2.0,UEFA Nations League,Mönchengladbach,Germany,False
2022-06-14,England,Hungary,0.0,4.0,UEFA Nations League,Wolverhampton,England,False
2022-06-13,Guatemala,Dominican Republic,2.0,0.0,CONCACAF Nations League,Guatemala City,Guatemala,False
2022-06-13,São Tomé and Príncipe,Nigeria,0.0,10.0,African Cup of Nations qualification,Agadir,Morocco,True
2022-06-13,Sierra Leone,Guinea-Bissau,2.0,2.0,African Cup of Nations qualification,Conakry,Guinea,True
2022-06-13,Morocco,Liberia,2.0,0.0,African Cup of Nations qualification,Casablanca,Morocco,False
2022-06-13,Honduras,Canada,2.0,1.0,CONCACAF Nations League,San Pedro Sula,Honduras,False
2022-06-13,Australia,Peru,0.0,0.0,FIFA World Cup qualification,Al Rayyan,Qatar,True
2022-06-13,Trinidad and Tobago,Saint Vincent and the Grenadines,4.0,1.0,CONCACAF Nations League,Port of Spain,Trinidad and Tobago,False
2022-06-13,Nicaragua,Bahamas,4.0,0.0,CONCACAF Nations League,Managua,Nicaragua,False
2022-06-13,Denmark,Austria,2.0,0.0,UEFA Nations League,Copenhagen,Denmark,False
2022-06-13,Iceland,Israel,2.0,2.0,UEFA Nations League,Reykjavík,Iceland,False
2022-06-13,Azerbaijan,Belarus,2.0,0.0,UEFA Nations League,Mardakan,Azerbaijan,False
2022-06-13,Kazakhstan,Slovakia,2.0,1.0,UEFA Nations League,Nur-Sultan,Kazakhstan,False
2022-06-13,Albania,Estonia,0.0,0.0,Friendly,Tirana,Albania,False
2022-06-13,France,Croatia,0.0,1.0,UEFA Nations League,Paris,France,False
2022-06-12,Norway,Sweden,3.0,2.0,UEFA Nations League,Oslo,Norway,False
2022-06-12,Martinique,Panama,0.0,0.0,CONCACAF Nations League,Fort de France,Martinique,False
2022-06-12,Cuba,Antigua and Barbuda,3.0,1.0,CONCACAF Nations League,Santiago,Cuba,False
2022-06-12,Guadeloupe,Barbados,2.0,1.0,CONCACAF Nations League,Les Abymes,Guadeloupe,False
2022-06-12,Saint Kitts and Nevis,Saint Martin,1.0,1.0,CONCACAF Nations League,Basseterre,Saint Kitts and Nevis,False
2022-06-12,Puerto Rico,British Virgin Islands,6.0,0.0,CONCACAF Nations League,Mayagüez,Puerto Rico,False
2022-06-12,Spain,Czech Republic,2.0,0.0,UEFA Nations League,Málaga,Spain,False
2022-06-12,Switzerland,Portugal,1.0,0.0,UEFA Nations League,Geneva,Switzerland,False
2022-06-12,Saint Lucia,Anguilla,2.0,0.0,CONCACAF Nations League,Gros Islet,Saint Lucia,False
2022-06-12,Slovenia,Serbia,2.0,2.0,UEFA Nations League,Ljubljana,Slovenia,False
2022-06-12,Greece,Kosovo,2.0,0.0,UEFA Nations League,Vólos,Greece,False
2022-06-12,North Macedonia,Gibraltar,4.0,0.0,UEFA Nations League,Skopje,North Macedonia,False
2022-06-12,Georgia,Bulgaria,0.0,0.0,UEFA Nations League,Tbilisi,Georgia,False
2022-06-12,Malta,San Marino,1.0,0.0,UEFA Nations League,Ta' Qali,Malta,False
2022-06-12,Iran,Algeria,1.0,2.0,Friendly,Doha,Qatar,True
2022-06-12,Northern Ireland,Cyprus,2.0,2.0,UEFA Nations League,Belfast,Northern Ireland,False
2022-06-11,Cambodia,Hong Kong,0.0,3.0,AFC Asian Cup qualification,Kolkota,India,True
2022-06-11,Mexico,Suriname,3.0,0.0,CONCACAF Nations League,Torreón,Mexico,False
2022-06-11,Kyrgyzstan,Myanmar,2.0,0.0,AFC Asian Cup qualification,Bishkek,Kyrgyzstan,False
2022-06-11,Singapore,Tajikistan,0.0,1.0,AFC Asian Cup qualification,Bishkek,Kyrgyzstan,True
2022-06-11,Malaysia,Bahrain,1.0,2.0,AFC Asian Cup qualification,Kuala Lumpur,Malaysia,False
2022-06-11,Bangladesh,Turkmenistan,1.0,2.0,AFC Asian Cup qualification,Kuala Lumpur,Malaysia,True
2022-06-11,India,Afghanistan,2.0,1.0,AFC Asian Cup qualification,Kolkota,India,False
2022-06-11,Yemen,Palestine,0.0,5.0,AFC Asian Cup qualification,Ulaanbaatar,Mongolia,True
2022-06-11,Uzbekistan,Maldives,4.0,0.0,AFC Asian Cup qualification,Namangan,Uzbekistan,False
2022-06-11,Sri Lanka,Thailand,0.0,2.0,AFC Asian Cup qualification,Namangan,Uzbekistan,True
2022-06-11,Mongolia,Philippines,0.0,1.0,AFC Asian Cup qualification,Ulaanbaatar,Mongolia,False
2022-06-11,Indonesia,Jordan,0.0,1.0,AFC Asian Cup qualification,Kuwait City,Kuwait,True
2022-06-11,Kuwait,Nepal,4.0,1.0,AFC Asian Cup qualification,Kuwait City,Kuwait,False
2022-06-11,Montserrat,Bermuda,3.0,2.0,CONCACAF Nations League,Santo Domingo,Dominican Republic,True
2022-06-11,Guyana,Haiti,2.0,6.0,CONCACAF Nations League,Leonora,Guyana,False
2022-06-11,Republic of Ireland,Scotland,3.0,0.0,UEFA Nations League,Dublin,Republic of Ireland,False
2022-06-11,United States Virgin Islands,Bonaire,0.0,2.0,CONCACAF Nations League,Saint Croix,United States Virgin Islands,False
2022-06-11,Montenegro,Bosnia and Herzegovina,1.0,1.0,UEFA Nations League,Podgorica,Montenegro,False
2022-06-11,Uruguay,Panama,5.0,0.0,Friendly,Montevideo,Uruguay,False
2022-06-11,Ecuador,Cape Verde,1.0,0.0,Friendly,Fort Lauderdale,United States,True
2022-06-11,Luxembourg,Turkey,0.0,2.0,UEFA Nations League,Luxembourg,Luxembourg,False
2022-06-11,Sint Maarten,Turks and Caicos Islands,8.0,2.0,CONCACAF Nations League,Willemstad,Curaçao,True
2022-06-11,Romania,Finland,1.0,0.0,UEFA Nations League,Bucharest,Romania,False
2022-06-11,Faroe Islands,Lithuania,2.0,1.0,UEFA Nations League,Tórshavn,Faroe Islands,False
2022-06-11,Ukraine,Armenia,3.0,0.0,UEFA Nations League,Łódź,Poland,True
2022-06-11,Netherlands,Poland,2.0,2.0,UEFA Nations League,Rotterdam,Netherlands,False
2022-06-11,Wales,Belgium,1.0,1.0,UEFA Nations League,Cardiff,Wales,False
2022-06-11,Hungary,Germany,1.0,1.0,UEFA Nations League,Budapest,Hungary,False
2022-06-11,England,Italy,0.0,0.0,UEFA Nations League,Wolverhampton,England,False
2022-06-10,Albania,Israel,1.0,2.0,UEFA Nations League,Tirana,Albania,False
2022-06-10,Saint Vincent and the Grenadines,Trinidad and Tobago,0.0,2.0,CONCACAF Nations League,Kingstown,Saint Vincent and the Grenadines,False
2022-06-10,Bahamas,Nicaragua,0.0,2.0,CONCACAF Nations League,Nassau,Bahamas,False
2022-06-10,Dominican Republic,Guatemala,1.0,1.0,CONCACAF Nations League,Santo Domingo,Dominican Republic,False
2022-06-10,United States,Grenada,5.0,0.0,CONCACAF Nations League,Austin,United States,False
2022-06-10,Austria,France,1.0,1.0,UEFA Nations League,Vienna,Austria,False
2022-06-10,Denmark,Croatia,0.0,1.0,UEFA Nations League,Copenhagen,Denmark,False
2022-06-10,Andorra,Liechtenstein,2.0,1.0,UEFA Nations League,Andorra la Vella,Andorra,False
2022-06-10,Azerbaijan,Slovakia,0.0,1.0,UEFA Nations League,Mardakan,Azerbaijan,False
2022-06-10,Moldova,Latvia,2.0,4.0,UEFA Nations League,Chișinău,Moldova,False
2022-06-10,South Korea,Paraguay,2.0,2.0,Friendly,Suwon,South Korea,False
2022-06-10,Chile,Tunisia,0.0,2.0,Kirin Cup,Kobe,Japan,True
2022-06-10,Japan,Ghana,4.0,1.0,Kirin Cup,Kobe,Japan,False
2022-06-10,Belarus,Kazakhstan,1.0,1.0,UEFA Nations League,Novi Sad,Serbia,True
2022-06-09,Lesotho,Ivory Coast,0.0,0.0,African Cup of Nations qualification,Soweto,South Africa,True
2022-06-09,Belize,French Guiana,1.0,1.0,CONCACAF Nations League,Belmopan,Belize,False
2022-06-09,Antigua and Barbuda,Cuba,0.0,2.0,CONCACAF Nations League,Basseterre,Saint Kitts and Nevis,True
2022-06-09,Barbados,Guadeloupe,0.0,1.0,CONCACAF Nations League,Gros Islet,Saint Lucia,True
2022-06-09,Panama,Martinique,5.0,0.0,CONCACAF Nations League,Panama City,Panama,False
2022-06-09,Morocco,South Africa,2.0,1.0,African Cup of Nations qualification,Rabat,Morocco,False
2022-06-09,Guinea,Malawi,1.0,0.0,African Cup of Nations qualification,Conakry,Guinea,False
2022-06-09,South Sudan,Mali,1.0,3.0,African Cup of Nations qualification,Entebbe,Uganda,True
2022-06-09,Dominica,Saint Lucia,0.0,1.0,CONCACAF Nations League,Roseau,Dominica,False
2022-06-09,Ethiopia,Egypt,2.0,0.0,African Cup of Nations qualification,Lilongwe,Malawi,True
2022-06-09,Burundi,Cameroon,0.0,1.0,African Cup of Nations qualification,Dar es Salaam,Tanzania,True
2022-06-09,Nigeria,Sierra Leone,2.0,1.0,African Cup of Nations qualification,Abuja,Nigeria,False
2022-06-09,Guinea-Bissau,São Tomé and Príncipe,5.0,1.0,African Cup of Nations qualification,Agadir,Morocco,True
2022-06-09,Aruba,Saint Kitts and Nevis,2.0,3.0,CONCACAF Nations League,Willemstad,Curaçao,True
2022-06-09,Canada,Curaçao,4.0,0.0,CONCACAF Nations League,Vancouver,Canada,False
2022-06-09,Cayman Islands,Puerto Rico,0.0,3.0,CONCACAF Nations League,George Town,Cayman Islands,False
2022-06-09,Gibraltar,Bulgaria,1.0,1.0,UEFA Nations League,Gibraltar,Gibraltar,False
2022-06-09,Portugal,Czech Republic,2.0,0.0,UEFA Nations League,Lisbon,Portugal,False
2022-06-09,Saudi Arabia,Venezuela,0.0,1.0,Friendly,Murcia,Spain,True
2022-06-09,San Marino,Iceland,0.0,1.0,Friendly,Serravalle,San Marino,False
2022-06-09,Malta,Estonia,1.0,2.0,UEFA Nations League,Ta' Qali,Malta,False
2022-06-09,North Macedonia,Georgia,0.0,3.0,UEFA Nations League,Skopje,North Macedonia,False
2022-06-09,New Zealand,Oman,0.0,0.0,Friendly,Al Rayyan,Qatar,True
2022-06-09,Greece,Cyprus,3.0,0.0,UEFA Nations League,Vólos,Greece,False
2022-06-09,Kosovo,Northern Ireland,3.0,2.0,UEFA Nations League,Pristina,Kosovo,False
2022-06-09,Sweden,Serbia,0.0,1.0,UEFA Nations League,Stockholm,Sweden,False
2022-06-09,Norway,Slovenia,0.0,0.0,UEFA Nations League,Oslo,Norway,False
2022-06-09,Switzerland,Spain,0.0,1.0,UEFA Nations League,Geneva,Switzerland,False
2022-06-08,Congo,Gambia,1.0,0.0,African Cup of Nations qualification,Brazzaville,Congo,False
2022-06-08,India,Cambodia,2.0,0.0,AFC Asian Cup qualification,Kolkota,India,False
2022-06-08,Bahrain,Bangladesh,2.0,0.0,AFC Asian Cup qualification,Kuala Lumpur,Malaysia,True
2022-06-08,Malaysia,Turkmenistan,3.0,1.0,AFC Asian Cup qualification,Kuala Lumpur,Malaysia,False
2022-06-08,Tajikistan,Myanmar,4.0,0.0,AFC Asian Cup qualification,Bishkek,Kyrgyzstan,True
2022-06-08,Kyrgyzstan,Singapore,2.0,1.0,AFC Asian Cup qualification,Bishkek,Kyrgyzstan,False
2022-06-08,Uganda,Niger,1.0,1.0,African Cup of Nations qualification,Entebbe,Uganda,False
2022-06-08,Tanzania,Algeria,0.0,2.0,African Cup of Nations qualification,Dar es Salaam,Tanzania,False
2022-06-08,Republic of Ireland,Ukraine,0.0,1.0,UEFA Nations League,Dublin,Republic of Ireland,False
2022-06-08,Gabon,Mauritania,0.0,0.0,African Cup of Nations qualification,Franceville,Gabon,False
2022-06-08,Sudan,DR Congo,2.0,1.0,African Cup of Nations qualification,Omdurman,Sudan,False
2022-06-08,Benin,Mozambique,0.0,1.0,African Cup of Nations qualification,Cotonou,Benin,False
2022-06-08,Wales,Netherlands,1.0,2.0,UEFA Nations League,Cardiff,Wales,False
2022-06-08,Belgium,Poland,6.0,1.0,UEFA Nations League,Brussels,Belgium,False
2022-06-08,Scotland,Armenia,2.0,0.0,UEFA Nations League,Glasgow,Scotland,False
2022-06-08,Uzbekistan,Sri Lanka,3.0,0.0,AFC Asian Cup qualification,Namangan,Uzbekistan,False
2022-06-08,Hong Kong,Afghanistan,2.0,1.0,AFC Asian Cup qualification,Kolkota,India,True
2022-06-08,Thailand,Maldives,3.0,0.0,AFC Asian Cup qualification,Namangan,Uzbekistan,True
2022-06-08,Mongolia,Palestine,0.0,1.0,AFC Asian Cup qualification,Ulaanbaatar,Mongolia,False
2022-06-08,Philippines,Yemen,0.0,0.0,AFC Asian Cup qualification,Ulaanbaatar,Mongolia,True
2022-06-08,Jordan,Nepal,2.0,0.0,AFC Asian Cup qualification,Kuwait City,Kuwait,True
2022-06-08,Kuwait,Indonesia,1.0,2.0,AFC Asian Cup qualification,Kuwait City,Kuwait,False
2022-06-07,Haiti,Montserrat,3.0,2.0,CONCACAF Nations League,Santo Domingo,Dominican Republic,True
2022-06-07,Eswatini,Burkina Faso,1.0,3.0,African Cup of Nations qualification,Johannesburg,South Africa,True
2022-06-07,Cape Verde,Togo,2.0,0.0,African Cup of Nations qualification,Marrakech,Morocco,True
2022-06-07,Zambia,Comoros,2.0,1.0,African Cup of Nations qualification,Lusaka,Zambia,False
2022-06-07,Senegal,Rwanda,1.0,0.0,African Cup of Nations qualification,Diamniadio,Senegal,False
2022-06-07,Jamaica,Suriname,3.0,1.0,CONCACAF Nations League,Kingston,Jamaica,False
2022-06-07,Guyana,Bermuda,2.0,1.0,CONCACAF Nations League,Leonora,Guyana,False
2022-06-07,Grenada,El Salvador,2.0,2.0,CONCACAF Nations League,St. George's,Grenada,False
2022-06-07,Germany,England,1.0,1.0,UEFA Nations League,Munich,Germany,False
2022-06-07,Italy,Hungary,2.0,1.0,UEFA Nations League,Cesena,Italy,False
2022-06-07,Finland,Montenegro,2.0,0.0,UEFA Nations League,Helsinki,Finland,False
2022-06-07,Bosnia and Herzegovina,Romania,1.0,0.0,UEFA Nations League,Zenica,Bosnia and Herzegovina,False
2022-06-07,Faroe Islands,Luxembourg,0.0,1.0,UEFA Nations League,Tórshavn,Faroe Islands,False
2022-06-07,Lithuania,Turkey,0.0,6.0,UEFA Nations League,Vilnius,Lithuania,False
2022-06-06,Austria,Denmark,1.0,2.0,UEFA Nations League,Vienna,Austria,False
2022-06-06,Equatorial Guinea,Libya,2.0,0.0,African Cup of Nations qualification,Malabo,Equatorial Guinea,False
2022-06-06,Honduras,Curaçao,1.0,2.0,CONCACAF Nations League,San Pedro Sula,Honduras,False
2022-06-06,Saint Vincent and the Grenadines,Nicaragua,2.0,2.0,CONCACAF Nations League,Kingstown,Saint Vincent and the Grenadines,False
2022-06-06,Trinidad and Tobago,Bahamas,1.0,0.0,CONCACAF Nations League,Port of Spain,Trinidad and Tobago,False
2022-06-06,Bonaire,Sint Maarten,2.0,2.0,CONCACAF Nations League,Willemstad,Curaçao,True
2022-06-06,United States Virgin Islands,Turks and Caicos Islands,3.0,2.0,CONCACAF Nations League,Saint Croix,United States Virgin Islands,False
2022-06-06,Aruba,Saint Martin,3.0,0.0,CONCACAF Nations League,Willemstad,Curaçao,True
2022-06-06,Cayman Islands,British Virgin Islands,1.0,1.0,CONCACAF Nations League,George Town,Cayman Islands,False
2022-06-06,Belarus,Azerbaijan,0.0,0.0,UEFA Nations League,Novi Sad,Serbia,True
2022-06-06,Croatia,France,1.0,1.0,UEFA Nations League,Split,Croatia,False
2022-06-06,Slovakia,Kazakhstan,0.0,1.0,UEFA Nations League,Trnava,Slovakia,False
2022-06-06,Latvia,Liechtenstein,1.0,0.0,UEFA Nations League,Riga,Latvia,False
2022-06-06,Andorra,Moldova,0.0,0.0,UEFA Nations League,Andorra la Vella,Andorra,False
2022-06-06,South Korea,Chile,2.0,0.0,Friendly,Daejeon,South Korea,False
2022-06-06,Japan,Brazil,0.0,1.0,Friendly,Tokyo,Japan,False
2022-06-06,Iceland,Albania,1.0,1.0,UEFA Nations League,Reykjavík,Iceland,False
2022-06-05,Botswana,Tunisia,0.0,0.0,African Cup of Nations qualification,Francistown,Botswana,False
2022-06-05,Dominica,Anguilla,1.0,1.0,CONCACAF Nations League,Basseterre,Saint Kitts and Nevis,True
2022-06-05,Dominican Republic,French Guiana,2.0,3.0,CONCACAF Nations League,Santo Domingo,Dominican Republic,False
2022-06-05,Guatemala,Belize,2.0,0.0,CONCACAF Nations League,Guatemala City,Guatemala,False
2022-06-05,Antigua and Barbuda,Guadeloupe,1.0,0.0,CONCACAF Nations League,Basseterre,Saint Kitts and Nevis,True
2022-06-05,Cuba,Barbados,3.0,0.0,CONCACAF Nations League,Santiago,Cuba,False
2022-06-05,Egypt,Guinea,1.0,0.0,African Cup of Nations qualification,Cairo,Egypt,False
2022-06-05,Madagascar,Angola,1.0,1.0,African Cup of Nations qualification,Antananarivo,Madagascar,False
2022-06-05,Central African Republic,Ghana,1.0,1.0,African Cup of Nations qualification,Luanda,Angola,True
2022-06-05,Malawi,Ethiopia,2.0,1.0,African Cup of Nations qualification,Lilongwe,Malawi,False
2022-06-05,Wales,Ukraine,1.0,0.0,FIFA World Cup qualification,Cardiff,Wales,False
2022-06-05,Czech Republic,Spain,2.0,2.0,UEFA Nations League,Prague,Czech Republic,False
2022-06-05,Portugal,Switzerland,4.0,0.0,UEFA Nations League,Lisbon,Portugal,False
2022-06-05,Costa Rica,Martinique,2.0,0.0,CONCACAF Nations League,San José,Costa Rica,False
2022-06-05,Serbia,Slovenia,4.0,1.0,UEFA Nations League,Belgrade,Serbia,False
2022-06-05,San Marino,Malta,0.0,2.0,UEFA Nations League,Serravalle,San Marino,False
2022-06-05,United States,Uruguay,0.0,0.0,Friendly,Kansas City,United States,False
2022-06-05,Saudi Arabia,Colombia,0.0,1.0,Friendly,Murcia,Spain,True
2022-06-05,Mexico,Ecuador,0.0,0.0,Friendly,Chicago,United States,True
2022-06-05,Argentina,Estonia,5.0,0.0,Friendly,Pamplona,Spain,True
2022-06-05,Peru,New Zealand,1.0,0.0,Friendly,Barcelona,Spain,True
2022-06-05,Sweden,Norway,1.0,2.0,UEFA Nations League,Stockholm,Sweden,False
2022-06-05,Bulgaria,Georgia,2.0,5.0,UEFA Nations League,Razgrad,Bulgaria,False
2022-06-05,Gibraltar,North Macedonia,0.0,2.0,UEFA Nations League,Gibraltar,Gibraltar,False
2022-06-05,Kosovo,Greece,0.0,1.0,UEFA Nations League,Pristina,Kosovo,False
2022-06-05,Cyprus,Northern Ireland,0.0,0.0,UEFA Nations League,Larnaca,Cyprus,False
2022-06-04,El Salvador,Grenada,3.0,1.0,CONCACAF Nations League,San Salvador,El Salvador,False
2022-06-04,Niger,Tanzania,1.0,1.0,African Cup of Nations qualification,Cotonou,Benin,True
2022-06-04,Algeria,Uganda,2.0,0.0,African Cup of Nations qualification,Algiers,Algeria,False
2022-06-04,Gambia,South Sudan,1.0,0.0,African Cup of Nations qualification,Thiès,Senegal,True
2022-06-04,Mali,Congo,4.0,0.0,African Cup of Nations qualification,Bamako,Mali,False
2022-06-04,Mauritania,Sudan,3.0,0.0,African Cup of Nations qualification,Nouakchott,Mauritania,False
2022-06-04,DR Congo,Gabon,0.0,1.0,African Cup of Nations qualification,Kinshasa,DR Congo,False
2022-06-04,Senegal,Benin,3.0,1.0,African Cup of Nations qualification,Diamniadio,Senegal,False
2022-06-04,Suriname,Jamaica,1.0,1.0,CONCACAF Nations League,Paramaribo,Suriname,False
2022-06-04,Namibia,Burundi,1.0,1.0,African Cup of Nations qualification,Johannesburg,South Africa,True
2022-06-04,Bermuda,Haiti,0.0,0.0,CONCACAF Nations League,Devonshire Parish,Bermuda,False
2022-06-04,Finland,Bosnia and Herzegovina,1.0,1.0,UEFA Nations League,Helsinki,Finland,False
2022-06-04,Turkey,Faroe Islands,4.0,0.0,UEFA Nations League,Istanbul,Turkey,False
2022-06-04,Lithuania,Luxembourg,0.0,2.0,UEFA Nations League,Vilnius,Lithuania,False
2022-06-04,Montenegro,Romania,2.0,0.0,UEFA Nations League,Podgorica,Montenegro,False
2022-06-04,Montserrat,Guyana,1.0,2.0,CONCACAF Nations League,Santo Domingo,Dominican Republic,True
2022-06-04,Armenia,Republic of Ireland,1.0,0.0,UEFA Nations League,Yerevan,Armenia,False
2022-06-04,Italy,Germany,1.0,1.0,UEFA Nations League,Bologna,Italy,False
2022-06-04,Hungary,England,1.0,0.0,UEFA Nations League,Budapest,Hungary,False
2022-06-03,Saint Martin,Aruba,0.0,0.0,CONCACAF Nations League,The Valley,Anguilla,True
2022-06-03,Burkina Faso,Cape Verde,2.0,0.0,African Cup of Nations qualification,Marrakech,Morocco,True
2022-06-03,Comoros,Lesotho,2.0,0.0,African Cup of Nations qualification,Moroni,Comoros,False
2022-06-03,Ivory Coast,Zambia,3.0,1.0,African Cup of Nations qualification,Yamoussoukro,Ivory Coast,False
2022-06-03,Curaçao,Honduras,0.0,1.0,CONCACAF Nations League,Willemstad,Curaçao,False
2022-06-03,Bahamas,Saint Vincent and the Grenadines,1.0,0.0,CONCACAF Nations League,Nassau,Bahamas,False
2022-06-03,Nicaragua,Trinidad and Tobago,2.0,1.0,CONCACAF Nations League,Managua,Nicaragua,False
2022-06-03,Sint Maarten,United States Virgin Islands,1.0,1.0,CONCACAF Nations League,Willemstad,Curaçao,True
2022-06-03,Togo,Eswatini,2.0,2.0,African Cup of Nations qualification,Lomé,Togo,False
2022-06-03,Turks and Caicos Islands,Bonaire,1.0,4.0,CONCACAF Nations League,Providenciales,Turks and Caicos Islands,False
2022-06-03,British Virgin Islands,Cayman Islands,1.0,1.0,CONCACAF Nations League,Tortola,British Virgin Islands,False
2022-06-03,France,Denmark,1.0,2.0,UEFA Nations League,Paris,France,False
2022-06-03,Belgium,Netherlands,1.0,4.0,UEFA Nations League,Brussels,Belgium,False
2022-06-03,Kazakhstan,Azerbaijan,2.0,0.0,UEFA Nations League,Nur-Sultan,Kazakhstan,False
2022-06-03,Belarus,Slovakia,0.0,1.0,UEFA Nations League,Novi Sad,Serbia,True
2022-06-03,Liechtenstein,Moldova,0.0,2.0,UEFA Nations League,Vaduz,Liechtenstein,False
2022-06-03,Latvia,Andorra,3.0,0.0,UEFA Nations League,Riga,Latvia,False
2022-06-03,Nepal,Oman,0.0,2.0,Friendly,Doha,Qatar,True
2022-06-03,Croatia,Austria,0.0,3.0,UEFA Nations League,Osijek,Croatia,False
2022-06-02,Belize,Dominican Republic,0.0,2.0,CONCACAF Nations League,Belmopan,Belize,False
2022-06-02,Spain,Portugal,1.0,1.0,UEFA Nations League,Sevilla,Spain,False
2022-06-02,Czech Republic,Switzerland,2.0,1.0,UEFA Nations League,Prague,Czech Republic,False
2022-06-02,Anguilla,Dominica,0.0,0.0,CONCACAF Nations League,The Valley,Anguilla,False
2022-06-02,French Guiana,Guatemala,2.0,0.0,CONCACAF Nations League,Cayenne,French Guiana,False
2022-06-02,Tunisia,Equatorial Guinea,4.0,0.0,African Cup of Nations qualification,Radès,Tunisia,False
2022-06-02,Guadeloupe,Cuba,2.0,1.0,CONCACAF Nations League,Les Abymes,Guadeloupe,False
2022-06-02,Barbados,Antigua and Barbuda,0.0,1.0,CONCACAF Nations League,Gros Islet,Saint Lucia,True
2022-06-02,Panama,Costa Rica,2.0,0.0,CONCACAF Nations League,Panama City,Panama,False
2022-06-02,Mozambique,Rwanda,1.0,1.0,African Cup of Nations qualification,Johannesburg,South Africa,True
2022-06-02,Serbia,Norway,0.0,1.0,UEFA Nations League,Belgrade,Serbia,False
2022-06-02,Israel,Iceland,2.0,2.0,UEFA Nations League,Haifa,Israel,False
2022-06-02,Slovenia,Sweden,0.0,2.0,UEFA Nations League,Ljubljana,Slovenia,False
2022-06-02,Northern Ireland,Greece,0.0,1.0,UEFA Nations League,Belfast,Northern Ireland,False
2022-06-02,Cambodia,Timor-Leste,2.0,1.0,Friendly,Phnom Penh,Cambodia,False
2022-06-02,Mexico,Uruguay,0.0,3.0,Friendly,Glendale,United States,True
2022-06-02,South Korea,Brazil,1.0,5.0,Friendly,Seoul,South Korea,False
2022-06-02,Ecuador,Nigeria,1.0,0.0,Friendly,Harrison,United States,True
2022-06-02,Japan,Paraguay,4.0,1.0,Friendly,Sapporo,Japan,False
2022-06-02,Estonia,San Marino,2.0,0.0,UEFA Nations League,Tallinn,Estonia,False
2022-06-02,Bulgaria,North Macedonia,1.0,1.0,UEFA Nations League,Razgrad,Bulgaria,False
2022-06-02,Georgia,Gibraltar,4.0,0.0,UEFA Nations League,Tbilisi,Georgia,False
2022-06-02,Cyprus,Kosovo,0.0,2.0,UEFA Nations League,Larnaca,Cyprus,False
2022-06-01,Indonesia,Bangladesh,0.0,0.0,Friendly,Soreang,Indonesia,False
2022-06-01,Italy,Argentina,0.0,3.0,CONMEBOL–UEFA Cup of Champions,Paris,France,True
2022-06-01,Scotland,Ukraine,1.0,3.0,FIFA World Cup qualification,Glasgow,Scotland,False
2022-06-01,Angola,Central African Republic,2.0,1.0,African Cup of Nations qualification,Luanda,Angola,False
2022-06-01,Ghana,Madagascar,3.0,0.0,African Cup of Nations qualification,Cape Coast,Ghana,False
2022-06-01,Libya,Botswana,1.0,0.0,African Cup of Nations qualification,Benghazi,Libya,False
2022-06-01,Australia,Jordan,2.0,1.0,Friendly,Al Wakrah,Qatar,True
2022-06-01,Poland,Wales,2.0,1.0,UEFA Nations League,Wrocław,Poland,False
2022-06-01,Kuwait,Singapore,0.0,0.0,Friendly,Abu Dhabi,United Arab Emirates,True
2022-06-01,Malaysia,Hong Kong,2.0,0.0,Friendly,Kuala Lumpur,Malaysia,False
2022-06-01,Syria,Tajikistan,1.0,0.0,Friendly,Dubai,United Arab Emirates,True
2022-06-01,United States,Morocco,3.0,0.0,Friendly,Cincinnati,United States,False
2022-06-01,Vietnam,Afghanistan,2.0,0.0,Friendly,Ho Chi Minh City,Vietnam,False
2022-06-01,Malta,Venezuela,0.0,1.0,Friendly,Ta' Qali,Malta,False
2022-05-31,Thailand,Bahrain,1.0,2.0,Friendly,Pathum Thani,Thailand,False
2022-05-30,Trinidad and Tobago,Saint Lucia,1.0,0.0,Friendly,San Fernando,Trinidad and Tobago,False
2022-05-30,Ethiopia,Lesotho,1.0,1.0,Friendly,Adama,Ethiopia,False
2022-05-29,United Arab Emirates,Gambia,1.0,1.0,Friendly,Dubai,United Arab Emirates,False
2022-05-28,Mexico,Nigeria,2.0,1.0,Friendly,Arlington,United States,True
2022-05-28,India,Jordan,0.0,2.0,Friendly,Doha,Qatar,True
2022-05-28,Ethiopia,Lesotho,1.0,1.0,Friendly,Adama,Ethiopia,False
2022-05-27,Malaysia,Brunei,4.0,0.0,Friendly,Kuala Lumpur,Malaysia,False
2022-05-27,Bahrain,Myanmar,2.0,0.0,Friendly,Pathum Thani,Thailand,True
2022-05-27,Thailand,Turkmenistan,1.0,0.0,Friendly,Sisaket,Thailand,False
2022-05-25,Biafra,Matabeleland,1.0,0.0,CONIFA Africa Football Cup,Johannesburg,South Africa,True
2022-05-24,Thailand,Bahrain,3.0,1.0,Friendly,Bangkok,Thailand,False
2022-05-24,Mozambique,Eswatini,0.0,1.0,Friendly,Maputo,Mozambique,False
2022-05-23,Yoruba Nation,Biafra,0.0,1.0,CONIFA Africa Football Cup,Johannesburg,South Africa,True
2022-05-22,Biafra,Matabeleland,0.0,1.0,CONIFA Africa Football Cup,Johannesburg,South Africa,True
2022-05-21,Yoruba Nation,Matabeleland,1.0,1.0,CONIFA Africa Football Cup,Johannesburg,South Africa,True
2022-05-15,Dominica,Saint Vincent and the Grenadines,3.0,1.0,Friendly,Roseau,Dominica,False
2022-05-14,Bahamas,Turks and Caicos Islands,1.0,2.0,Friendly,Nassau,Bahamas,False
2022-05-12,Dominica,Saint Vincent and the Grenadines,2.0,1.0,Friendly,Roseau,Dominica,False
2022-05-12,Bahamas,Turks and Caicos Islands,4.0,2.0,Friendly,Nassau,Bahamas,False
2022-04-27,Mexico,Guatemala,0.0,0.0,Friendly,Orlando,United States,True
2022-04-24,El Salvador,Guatemala,0.0,4.0,Friendly,San Jose,United States,True
2022-03-30,Mexico,El Salvador,2.0,0.0,FIFA World Cup qualification,Mexico City,Mexico,False
2022-03-30,Panama,Canada,1.0,0.0,FIFA World Cup qualification,Panama City,Panama,False
2022-03-30,Costa Rica,United States,2.0,0.0,FIFA World Cup qualification,San José,Costa Rica,False
2022-03-30,Jamaica,Honduras,2.0,1.0,FIFA World Cup qualification,Kingston,Jamaica,False
2022-03-30,Solomon Islands,New Zealand,0.0,5.0,FIFA World Cup qualification,Doha,Qatar,True
2022-03-29,Austria,Scotland,2.0,2.0,Friendly,Vienna,Austria,False
2022-03-29,Chile,Uruguay,0.0,2.0,FIFA World Cup qualification,Santiago,Chile,False
2022-03-29,Poland,Sweden,2.0,0.0,FIFA World Cup qualification,Chorzów,Poland,False
2022-03-29,Portugal,North Macedonia,2.0,0.0,FIFA World Cup qualification,Porto,Portugal,False
2022-03-29,Albania,Georgia,0.0,0.0,Friendly,Tirana,Albania,False
2022-03-29,Angola,Equatorial Guinea,0.0,0.0,Friendly,Óbidos,Portugal,True
2022-03-29,Bosnia and Herzegovina,Luxembourg,1.0,0.0,Friendly,Zenica,Bosnia and Herzegovina,False
2022-03-29,Azerbaijan,Latvia,0.0,1.0,Friendly,Ta' Qali,Malta,True
2022-03-29,Bahrain,Belarus,0.0,1.0,Friendly,Riffa,Bahrain,False
2022-03-29,Bolivia,Brazil,0.0,4.0,FIFA World Cup qualification,La Paz,Bolivia,False
2022-03-29,Bangladesh,Mongolia,0.0,0.0,Friendly,Sylhet,Bangladesh,False
2022-03-29,Belgium,Burkina Faso,3.0,0.0,Friendly,Anderlecht,Belgium,False
2022-03-29,Venezuela,Colombia,0.0,1.0,FIFA World Cup qualification,Guayana,Venezuela,False
2022-03-29,Cyprus,Estonia,2.0,0.0,UEFA Nations League,Larnaca,Cyprus,False
2022-03-29,Peru,Paraguay,2.0,0.0,FIFA World Cup qualification,Lima,Peru,False
2022-03-29,Ecuador,Argentina,1.0,1.0,FIFA World Cup qualification,Guayaquil,Ecuador,False
2022-03-29,Saudi Arabia,Australia,1.0,0.0,FIFA World Cup qualification,Jeddah,Saudi Arabia,False
2022-03-29,Oman,China PR,2.0,0.0,FIFA World Cup qualification,Muscat,Oman,False
2022-03-29,Japan,Vietnam,1.0,1.0,FIFA World Cup qualification,Saitama,Japan,False
2022-03-29,United Arab Emirates,South Korea,1.0,0.0,FIFA World Cup qualification,Dubai,United Arab Emirates,False
2022-03-29,Syria,Iraq,1.0,1.0,FIFA World Cup qualification,Dubai,United Arab Emirates,True
2022-03-29,Iran,Lebanon,2.0,0.0,FIFA World Cup qualification,Mashhad,Iran,False
2022-03-29,Tunisia,Mali,0.0,0.0,FIFA World Cup qualification,Tunis,Tunisia,False
2022-03-29,Senegal,Egypt,1.0,0.0,FIFA World Cup qualification,Diamniadio,Senegal,False
2022-03-29,Nigeria,Ghana,1.0,1.0,FIFA World Cup qualification,Abuja,Nigeria,False
2022-03-29,Croatia,Bulgaria,2.0,1.0,Friendly,Al Rayyan,Qatar,True
2022-03-29,Congo,Sierra Leone,1.0,2.0,Friendly,Antalya,Turkey,True
2022-03-29,Kazakhstan,Moldova,0.0,1.0,UEFA Nations League,Nur-Sultan,Kazakhstan,False
2022-03-29,Denmark,Serbia,3.0,0.0,Friendly,Copenhagen,Denmark,False
2022-03-29,Singapore,Philippines,2.0,0.0,Friendly,Kallang,Singapore,False
2022-03-29,Gambia,Chad,2.0,2.0,African Cup of Nations qualification,Agadir,Morocco,True
2022-03-29,Algeria,Cameroon,1.0,2.0,FIFA World Cup qualification,Blida,Algeria,False
2022-03-29,Uzbekistan,Uganda,4.0,2.0,Navruz Cup,Namangan,Uzbekistan,False
2022-03-29,Tajikistan,Kyrgyzstan,1.0,0.0,Navruz Cup,Namangan,Uzbekistan,True
2022-03-29,Wales,Czech Republic,1.0,1.0,Friendly,Cardiff,Wales,False
2022-03-29,Turkey,Italy,2.0,3.0,Friendly,Konya,Turkey,False
2022-03-29,Trinidad and Tobago,Guyana,1.0,1.0,Friendly,Port of Spain,Trinidad and Tobago,False
2022-03-29,Togo,Benin,1.0,1.0,Friendly,Antalya,Turkey,True
2022-03-29,Tanzania,Sudan,1.0,1.0,Friendly,Dar es Salaam,Tanzania,False
2022-03-29,Switzerland,Kosovo,1.0,1.0,Friendly,Zürich,Switzerland,False
2022-03-29,Spain,Iceland,5.0,0.0,Friendly,La Coruña,Spain,False
2022-03-29,Republic of Ireland,Lithuania,1.0,0.0,Friendly,Dublin,Republic of Ireland,False
2022-03-29,England,Ivory Coast,3.0,0.0,Friendly,London,England,False
2022-03-29,Qatar,Slovenia,0.0,0.0,Friendly,Al Rayyan,Qatar,False
2022-03-29,Norway,Armenia,9.0,0.0,Friendly,Oslo,Norway,False
2022-03-29,Northern Ireland,Hungary,0.0,1.0,Friendly,Belfast,Northern Ireland,False
2022-03-29,Netherlands,Germany,1.0,1.0,Friendly,Amsterdam,Netherlands,False
2022-03-29,Mauritania,Libya,2.0,0.0,Friendly,Nouakchott,Mauritania,False
2022-03-29,Malta,Kuwait,2.0,0.0,Friendly,Ta' Qali,Malta,False
2022-03-29,Liberia,Burundi,1.0,2.0,Friendly,Antalya,Turkey,True
2022-03-29,Israel,Romania,2.0,2.0,Friendly,Netanya,Israel,False
2022-03-29,France,South Africa,5.0,0.0,Friendly,Villeneuve D'Ascq,Algeria,True
2022-03-29,Finland,Slovakia,0.0,2.0,Friendly,Murcia,Spain,True
2022-03-29,Faroe Islands,Liechtenstein,1.0,0.0,Friendly,San Pedro del Pinatar,Spain,True
2022-03-29,Morocco,DR Congo,4.0,1.0,FIFA World Cup qualification,Casablanca,Morocco,False
2022-03-28,Montenegro,Greece,1.0,0.0,Friendly,Podgorica,Montenegro,False
2022-03-28,Andorra,Grenada,1.0,0.0,Friendly,Andorra la Vella,Andorra,False
2022-03-28,Cape Verde,San Marino,2.0,0.0,Friendly,San Pedro del Pinatar,Spain,True
2022-03-28,Vanuatu,Fiji,1.0,2.0,Friendly,Doha,Qatar,True
2022-03-27,Solomon Islands,Papua New Guinea,3.0,2.0,FIFA World Cup qualification,Doha,Qatar,True
2022-03-27,Benin,Zambia,2.0,1.0,Friendly,Antalya,Turkey,True
2022-03-27,El Salvador,Costa Rica,1.0,2.0,FIFA World Cup qualification,San Salvador,El Salvador,False
2022-03-27,Canada,Jamaica,4.0,0.0,FIFA World Cup qualification,Toronto,Canada,False
2022-03-27,Honduras,Mexico,0.0,1.0,FIFA World Cup qualification,San Pedro Sula,Honduras,False
2022-03-27,United States,Panama,5.0,1.0,FIFA World Cup qualification,Orlando,United States,False
2022-03-27,New Zealand,Tahiti,1.0,0.0,FIFA World Cup qualification,Doha,Qatar,True
2022-03-27,Barbados,Guyana,0.0,5.0,Friendly,Port of Spain,Trinidad and Tobago,True
2022-03-27,Belize,Cuba,0.0,3.0,Friendly,Belmopan,Belize,False
2022-03-27,Guatemala,Haiti,2.0,1.0,Friendly,Fort Lauderdale,United States,True
2022-03-27,Laos,Brunei,3.0,2.0,Friendly,Vientiane,Laos,False
2022-03-27,Liberia,Sierra Leone,0.0,1.0,Friendly,Antalya,Turkey,True
2022-03-27,Thailand,Suriname,1.0,0.0,Friendly,Pathum Thani,Thailand,False
2022-03-27,South Sudan,Djibouti,1.0,0.0,African Cup of Nations qualification,Entebbe,Uganda,True
2022-03-27,Lesotho,Seychelles,3.0,1.0,African Cup of Nations qualification,Soweto,South Africa,True
2022-03-27,Eswatini,Somalia,2.0,1.0,African Cup of Nations qualification,Mbombela,South Africa,True
2022-03-27,Mauritius,São Tomé and Príncipe,3.0,3.0,African Cup of Nations qualification,Belle Vue Harel,Mauritius,False
2022-03-26,Belarus,India,3.0,0.0,Friendly,Isa Town,Bahrain,True
2022-03-26,England,Switzerland,2.0,1.0,Friendly,London,England,False
2022-03-26,Croatia,Slovenia,1.0,1.0,Friendly,Al Rayyan,Qatar,True
2022-03-26,Central African Republic,Sudan,0.0,0.0,Friendly,Dar es Salaam,Tanzania,True
2022-03-26,Qatar,Bulgaria,2.0,1.0,Friendly,Al Rayyan,Qatar,False
2022-03-26,Bahrain,Burundi,1.0,0.0,Friendly,Arad,Iran,True
2022-03-26,Angola,Guinea-Bissau,3.0,2.0,Friendly,Óbidos,Portugal,True
2022-03-26,Germany,Israel,2.0,0.0,Friendly,Sinsheim,Germany,False
2022-03-26,Finland,Iceland,1.0,1.0,Friendly,Murcia,Spain,True
2022-03-26,Spain,Albania,2.0,1.0,Friendly,Barcelona,Spain,False
2022-03-26,Gibraltar,Faroe Islands,0.0,0.0,Friendly,Gibraltar,Gibraltar,False
2022-03-26,Libya,Niger,2.0,1.0,Friendly,Nouakchott,Mauritania,True
2022-03-26,Mauritania,Mozambique,2.0,1.0,Friendly,Nouakchott,Mauritania,False
2022-03-26,Netherlands,Denmark,4.0,2.0,Friendly,Amsterdam,Netherlands,False
2022-03-26,Republic of Ireland,Belgium,2.0,2.0,Friendly,Dublin,Republic of Ireland,False
2022-03-26,Singapore,Malaysia,2.0,1.0,Friendly,Kallang,Singapore,False
2022-03-25,Comoros,Ethiopia,2.0,1.0,Friendly,Moroni,Comoros,False
2022-03-25,Cape Verde,Liechtenstein,6.0,0.0,Friendly,San Pedro del Pinatar,Spain,True
2022-03-25,Bosnia and Herzegovina,Georgia,0.0,1.0,Friendly,Zenica,Bosnia and Herzegovina,False
2022-03-25,Argentina,Venezuela,3.0,0.0,FIFA World Cup qualification,Buenos Aires,Argentina,False
2022-03-25,Andorra,Saint Kitts and Nevis,1.0,0.0,Friendly,Andorra la Vella,Andorra,False
2022-03-25,Egypt,Senegal,1.0,0.0,FIFA World Cup qualification,Cairo,Egypt,False
2022-03-25,Mali,Tunisia,0.0,1.0,FIFA World Cup qualification,Bamako,Mali,False
2022-03-25,DR Congo,Morocco,1.0,1.0,FIFA World Cup qualification,Kinshasa,DR Congo,False
2022-03-25,Cameroon,Algeria,0.0,1.0,FIFA World Cup qualification,Douala,Cameroon,False
2022-03-25,France,Ivory Coast,2.0,1.0,Friendly,Marseille,France,False
2022-03-25,Congo,Zambia,1.0,3.0,Friendly,Antalya,Turkey,True
2022-03-25,Ghana,Nigeria,0.0,0.0,FIFA World Cup qualification,Kumasi,Ghana,False
2022-03-25,Latvia,Kuwait,1.0,1.0,Friendly,Ta' Qali,Malta,True
2022-03-25,South Africa,Guinea,0.0,0.0,Friendly,Kortrijk,Belgium,True
2022-03-25,Luxembourg,Northern Ireland,1.0,3.0,Friendly,Luxembourg,Luxembourg,False
2022-03-25,Uzbekistan,Kyrgyzstan,3.0,1.0,Navruz Cup,Namangan,Uzbekistan,False
2022-03-25,Trinidad and Tobago,Barbados,9.0,0.0,Friendly,Port of Spain,Trinidad and Tobago,False
2022-03-25,Tajikistan,Uganda,1.0,1.0,Navruz Cup,Namangan,Uzbekistan,True
2022-03-25,San Marino,Lithuania,1.0,2.0,Friendly,Serravalle,San Marino,False
2022-03-25,Romania,Greece,0.0,1.0,Friendly,Bucharest,Romania,False
2022-03-25,Norway,Slovakia,2.0,0.0,Friendly,Oslo,Norway,False
2022-03-25,Malta,Azerbaijan,1.0,0.0,Friendly,Ta' Qali,Malta,False
2022-03-24,Brazil,Chile,4.0,0.0,FIFA World Cup qualification,Rio de Janeiro,Brazil,False
2022-03-24,China PR,Saudi Arabia,1.0,1.0,FIFA World Cup qualification,Sharjah,United Arab Emirates,True
2022-03-24,New Zealand,New Caledonia,7.0,1.0,FIFA World Cup qualification,Doha,Qatar,True
2022-03-24,Fiji,Papua New Guinea,1.0,2.0,FIFA World Cup qualification,Doha,Qatar,True
2022-03-24,Solomon Islands,Tahiti,3.0,1.0,FIFA World Cup qualification,Doha,Qatar,True
2022-03-24,Australia,Japan,0.0,2.0,FIFA World Cup qualification,Sydney,Australia,False
2022-03-24,Vietnam,Oman,0.0,1.0,FIFA World Cup qualification,Hanoi,Vietnam,False
2022-03-24,Costa Rica,Canada,1.0,0.0,FIFA World Cup qualification,San José,Costa Rica,False
2022-03-24,South Korea,Iran,2.0,0.0,FIFA World Cup qualification,Seoul,South Korea,False
2022-03-24,Iraq,United Arab Emirates,1.0,0.0,FIFA World Cup qualification,Riyadh,Saudi Arabia,True
2022-03-24,Lebanon,Syria,0.0,3.0,FIFA World Cup qualification,Sidon,Lebanon,False
2022-03-24,Uruguay,Peru,1.0,0.0,FIFA World Cup qualification,Montevideo,Uruguay,False
2022-03-24,Panama,Honduras,1.0,1.0,FIFA World Cup qualification,Panama City,Panama,False
2022-03-24,Mexico,United States,0.0,0.0,FIFA World Cup qualification,Mexico City,Mexico,False
2022-03-24,Jamaica,El Salvador,1.0,1.0,FIFA World Cup qualification,Kingston,Jamaica,False
2022-03-24,Paraguay,Ecuador,3.0,1.0,FIFA World Cup qualification,Ciudad del Este,Paraguay,False
2022-03-24,Colombia,Bolivia,3.0,0.0,FIFA World Cup qualification,Barranquilla,Colombia,False
2022-03-24,Italy,North Macedonia,0.0,1.0,FIFA World Cup qualification,Palermo,Italy,False
2022-03-24,Maldives,Bangladesh,2.0,0.0,Friendly,Malé,Maldives,False
2022-03-24,Portugal,Turkey,3.0,1.0,FIFA World Cup qualification,Porto,Portugal,False
2022-03-24,Mauritius,São Tomé and Príncipe,3.0,0.0,African Cup of Nations qualification,Saint Pierre,Mauritius,False
2022-03-24,Moldova,Kazakhstan,1.0,2.0,UEFA Nations League,Chișinău,Moldova,False
2022-03-24,Estonia,Cyprus,0.0,0.0,UEFA Nations League,Tallinn,Estonia,False
2022-03-24,Togo,Sierra Leone,3.0,0.0,Friendly,Antalya,Turkey,True
2022-03-24,Scotland,Poland,1.0,1.0,Friendly,Glasgow,Scotland,False
2022-03-24,Thailand,Nepal,2.0,0.0,Friendly,Chonburi,Thailand,False
2022-03-24,Liberia,Benin,0.0,4.0,Friendly,Antalya,Turkey,True
2022-03-24,Kosovo,Burkina Faso,5.0,0.0,Friendly,Pristina,Kosovo,False
2022-03-24,Hungary,Serbia,0.0,1.0,Friendly,Budapest,Hungary,False
2022-03-24,Guatemala,Cuba,1.0,0.0,Friendly,Antigua Guatemala,Guatemala,False
2022-03-24,Armenia,Montenegro,1.0,0.0,Friendly,Yerevan,Armenia,False
2022-03-24,Wales,Austria,2.0,1.0,FIFA World Cup qualification,Cardiff,Wales,False
2022-03-24,Sweden,Czech Republic,1.0,0.0,FIFA World Cup qualification,Stockholm,Sweden,False
2022-03-23,Malaysia,Philippines,2.0,0.0,Friendly,Kallang,Singapore,True
2022-03-23,Bahrain,India,2.0,1.0,Friendly,Riffa,Bahrain,False
2022-03-23,Gibraltar,Grenada,0.0,0.0,Friendly,Gibraltar,Gibraltar,False
2022-03-23,Guinea-Bissau,Equatorial Guinea,3.0,0.0,Friendly,Óbidos,Portugal,True
2022-03-23,Guadeloupe,Cape Verde,0.0,2.0,Friendly,Orléans,France,True
2022-03-23,Laos,Mongolia,1.0,0.0,Friendly,Vientiane,Laos,False
2022-03-23,Somalia,Eswatini,0.0,3.0,African Cup of Nations qualification,Dar es Salaam,Tanzania,True
2022-03-23,Mozambique,Niger,1.0,1.0,Friendly,Nouakchott,Mauritania,True
2022-03-23,Tanzania,Central African Republic,3.0,1.0,Friendly,Dar es Salaam,Tanzania,False
2022-03-23,Chad,Gambia,0.0,1.0,African Cup of Nations qualification,Yaoundé,Cameroon,True
2022-03-23,Djibouti,South Sudan,2.0,4.0,African Cup of Nations qualification,Alexandria,Egypt,True
2022-03-23,Seychelles,Lesotho,0.0,0.0,African Cup of Nations qualification,Saint Pierre,Mauritius,True
2022-03-21,New Zealand,Fiji,4.0,0.0,FIFA World Cup qualification,Doha,Qatar,True
2022-03-21,Papua New Guinea,New Caledonia,1.0,0.0,FIFA World Cup qualification,Doha,Qatar,True
2022-03-19,Mauritius,Seychelles,0.0,0.0,Friendly,Saint Pierre,Mauritius,False
2022-03-18,Papua New Guinea,New Zealand,0.0,1.0,FIFA World Cup qualification,Doha,Qatar,True
2022-03-18,Iraq,Zambia,3.0,1.0,Friendly,Baghdad,Iraq,False
2022-03-18,New Caledonia,Fiji,1.0,2.0,FIFA World Cup qualification,Doha,Qatar,True
2022-03-17,Cook Islands,Solomon Islands,0.0,2.0,FIFA World Cup qualification,Doha,Qatar,True
2022-02-06,Senegal,Egypt,0.0,0.0,African Cup of Nations,Yaoundé,Cameroon,True
2022-02-05,Cameroon,Burkina Faso,3.0,3.0,African Cup of Nations,Yaoundé,Cameroon,False
2022-02-03,Cameroon,Egypt,0.0,0.0,African Cup of Nations,Yaoundé,Cameroon,False
2022-02-02,Mexico,Panama,1.0,0.0,FIFA World Cup qualification,Mexico City,Mexico,False
2022-02-02,El Salvador,Canada,0.0,2.0,FIFA World Cup qualification,San Salvador,El Salvador,False
2022-02-02,Jamaica,Costa Rica,0.0,1.0,FIFA World Cup qualification,Kingston,Jamaica,False
2022-02-02,United States,Honduras,3.0,0.0,FIFA World Cup qualification,Saint Paul,United States,False
2022-02-02,Burkina Faso,Senegal,1.0,3.0,African Cup of Nations,Yaoundé,Cameroon,True
2022-02-01,Nepal,Mauritius,1.0,0.0,Friendly,Kathmandu,Nepal,False
2022-02-01,Syria,South Korea,0.0,2.0,FIFA World Cup qualification,Dubai,United Arab Emirates,True
2022-02-01,Bahrain,DR Congo,1.0,0.0,Friendly,Riffa,Bahrain,False
2022-02-01,Kuwait,Libya,0.0,2.0,Friendly,Kuwait City,Kuwait,False
2022-02-01,Nicaragua,Belize,1.0,1.0,Friendly,Managua,Nicaragua,False
2022-02-01,Suriname,Guyana,2.0,1.0,Friendly,Paramaribo,Suriname,False
2022-02-01,Lebanon,Iraq,1.0,1.0,FIFA World Cup qualification,Sidon,Lebanon,False
2022-02-01,Iran,United Arab Emirates,1.0,0.0,FIFA World Cup qualification,Tehran,Iran,False
2022-02-01,Japan,Saudi Arabia,2.0,0.0,FIFA World Cup qualification,Saitama,Japan,False
2022-02-01,Vietnam,China PR,3.0,1.0,FIFA World Cup qualification,Hanoi,Vietnam,False
2022-02-01,Oman,Australia,2.0,2.0,FIFA World Cup qualification,Muscat,Oman,False
2022-02-01,Bolivia,Chile,2.0,3.0,FIFA World Cup qualification,La Paz,Bolivia,False
2022-02-01,Uruguay,Venezuela,4.0,1.0,FIFA World Cup qualification,Montevideo,Uruguay,False
2022-02-01,Argentina,Colombia,1.0,0.0,FIFA World Cup qualification,Córdoba,Argentina,False
2022-02-01,Peru,Ecuador,1.0,1.0,FIFA World Cup qualification,Lima,Peru,False
2022-02-01,Brazil,Paraguay,4.0,0.0,FIFA World Cup qualification,Belo Horizonte,Brazil,False
2022-01-30,Canada,United States,2.0,0.0,FIFA World Cup qualification,Hamilton,Canada,False
2022-01-30,Indonesia,Timor-Leste,3.0,0.0,Friendly,Gianyar,Indonesia,False
2022-01-30,Egypt,Morocco,2.0,1.0,African Cup of Nations,Yaoundé,Cameroon,True
2022-01-30,Senegal,Equatorial Guinea,3.0,1.0,African Cup of Nations,Yaoundé,Cameroon,True
2022-01-30,Honduras,El Salvador,0.0,2.0,FIFA World Cup qualification,San Pedro Sula,Honduras,False
2022-01-30,Mexico,Costa Rica,0.0,0.0,FIFA World Cup qualification,Mexico City,Mexico,False
2022-01-30,Panama,Jamaica,3.0,2.0,FIFA World Cup qualification,Panama City,Panama,False
2022-01-29,Cameroon,Gambia,2.0,0.0,African Cup of Nations,Douala,Cameroon,False
2022-01-29,Burkina Faso,Tunisia,1.0,0.0,African Cup of Nations,Garoua,Cameroon,True
2022-01-29,Nicaragua,Belize,4.0,0.0,Friendly,Managua,Nicaragua,False
2022-01-29,Nepal,Mauritius,1.0,0.0,Friendly,Kathmandu,Nepal,False
2022-01-29,Kuwait,Libya,2.0,0.0,Friendly,Kuwait City,Kuwait,False
2022-01-28,Venezuela,Bolivia,4.0,1.0,FIFA World Cup qualification,Barinas,Venezuela,False
2022-01-28,Colombia,Peru,0.0,1.0,FIFA World Cup qualification,Barranquilla,Colombia,False
2022-01-28,Suriname,Barbados,1.0,0.0,Friendly,Paramaribo,Suriname,False
2022-01-28,Jordan,New Zealand,3.0,1.0,Friendly,Abu Dhabi,United Arab Emirates,True
2022-01-27,Costa Rica,Panama,1.0,0.0,FIFA World Cup qualification,San José,Costa Rica,False
2022-01-27,United States,El Salvador,1.0,0.0,FIFA World Cup qualification,Columbus,United States,False
2022-01-27,Honduras,Canada,0.0,2.0,FIFA World Cup qualification,San Pedro Sula,Honduras,False
2022-01-27,Bahrain,Uganda,3.0,1.0,Friendly,Riffa,Bahrain,False
2022-01-27,Jamaica,Mexico,1.0,2.0,FIFA World Cup qualification,Kingston,Jamaica,False
2022-01-27,Uzbekistan,South Sudan,3.0,0.0,Friendly,Dubai,United Arab Emirates,True
2022-01-27,Iran,Iraq,1.0,0.0,FIFA World Cup qualification,Tehran,Iran,False
2022-01-27,Lebanon,South Korea,0.0,1.0,FIFA World Cup qualification,Sidon,Lebanon,False
2022-01-27,Indonesia,Timor-Leste,4.0,1.0,Friendly,Gianyar,Indonesia,False
2022-01-27,United Arab Emirates,Syria,2.0,0.0,FIFA World Cup qualification,Dubai,United Arab Emirates,False
2022-01-27,Australia,Vietnam,4.0,0.0,FIFA World Cup qualification,Melbourne,Australia,False
2022-01-27,Saudi Arabia,Oman,1.0,0.0,FIFA World Cup qualification,Jeddah,Saudi Arabia,False
2022-01-27,Ecuador,Brazil,1.0,1.0,FIFA World Cup qualification,Quito,Ecuador,False
2022-01-27,Paraguay,Uruguay,0.0,1.0,FIFA World Cup qualification,Asunción,Paraguay,False
2022-01-27,Japan,China PR,2.0,0.0,FIFA World Cup qualification,Saitama,Japan,False
2022-01-27,Chile,Argentina,1.0,2.0,FIFA World Cup qualification,Calama,Chile,False
2022-01-26,Mali,Equatorial Guinea,0.0,0.0,African Cup of Nations,Limbé,Cameroon,True
2022-01-26,Ivory Coast,Egypt,0.0,0.0,African Cup of Nations,Douala,Cameroon,True
2022-01-25,Senegal,Cape Verde,2.0,0.0,African Cup of Nations,Bafoussam,Cameroon,True
2022-01-25,Morocco,Malawi,2.0,1.0,African Cup of Nations,Yaoundé,Cameroon,True
2022-01-24,Guinea,Gambia,0.0,1.0,African Cup of Nations,Bafoussam,Cameroon,True
2022-01-24,Cameroon,Comoros,2.0,1.0,African Cup of Nations,Yaoundé,Cameroon,False
2022-01-23,Nigeria,Tunisia,0.0,1.0,African Cup of Nations,Garoua,Cameroon,True
2022-01-23,Burkina Faso,Gabon,1.0,1.0,African Cup of Nations,Limbé,Cameroon,True
2022-01-21,Iraq,Uganda,1.0,0.0,Friendly,Baghdad,Iraq,False
2022-01-21,Bolivia,Trinidad and Tobago,5.0,0.0,Friendly,Sucre,Bolivia,False
2022-01-20,Mali,Mauritania,2.0,0.0,African Cup of Nations,Douala,Cameroon,True
2022-01-20,Gambia,Tunisia,1.0,0.0,African Cup of Nations,Limbé,Cameroon,True
2022-01-20,Sierra Leone,Equatorial Guinea,0.0,1.0,African Cup of Nations,Limbé,Cameroon,True
2022-01-20,Ivory Coast,Algeria,3.0,1.0,African Cup of Nations,Douala,Cameroon,True
2022-01-20,Peru,Jamaica,3.0,0.0,Friendly,Lima,Peru,False
2022-01-20,South Korea,Moldova,4.0,0.0,Friendly,Antalya,Turkey,True
2022-01-19,Guinea-Bissau,Nigeria,0.0,2.0,African Cup of Nations,Garoua,Cameroon,True
2022-01-19,Egypt,Sudan,1.0,0.0,African Cup of Nations,Yaoundé,Cameroon,True
2022-01-18,Zimbabwe,Guinea,2.0,1.0,African Cup of Nations,Yaoundé,Cameroon,True
2022-01-18,Malawi,Senegal,0.0,0.0,African Cup of Nations,Bafoussam,Cameroon,True
2022-01-18,Moldova,Uganda,2.0,3.0,Friendly,Belek,Turkey,True
2022-01-18,Gabon,Morocco,2.0,2.0,African Cup of Nations,Yaoundé,Cameroon,True
2022-01-18,Ghana,Comoros,2.0,3.0,African Cup of Nations,Garoua,Cameroon,True
2022-01-17,Cameroon,Cape Verde,1.0,1.0,African Cup of Nations,Yaoundé,Cameroon,False
2022-01-17,Burkina Faso,Ethiopia,1.0,1.0,African Cup of Nations,Bafoussam,Cameroon,True
2022-01-16,Tunisia,Mauritania,4.0,0.0,African Cup of Nations,Limbé,Cameroon,True
2022-01-16,Gambia,Mali,1.0,1.0,African Cup of Nations,Limbé,Cameroon,True
2022-01-16,Algeria,Equatorial Guinea,0.0,1.0,African Cup of Nations,Douala,Cameroon,True
2022-01-16,Ivory Coast,Sierra Leone,2.0,2.0,African Cup of Nations,Douala,Cameroon,True
2022-01-16,Peru,Panama,1.0,1.0,Friendly,Lima,Peru,False
2022-01-16,Colombia,Honduras,2.0,1.0,Friendly,Fort Lauderdale,United States,True
2022-01-15,Guinea-Bissau,Egypt,0.0,1.0,African Cup of Nations,Garoua,Cameroon,True
2022-01-15,Nigeria,Sudan,3.0,1.0,African Cup of Nations,Garoua,Cameroon,True
2022-01-15,South Korea,Iceland,5.0,1.0,Friendly,Antalya,Turkey,True
2022-01-14,Morocco,Comoros,2.0,0.0,African Cup of Nations,Yaoundé,Cameroon,True
2022-01-14,Senegal,Guinea,0.0,0.0,African Cup of Nations,Bafoussam,Cameroon,True
2022-01-14,Malawi,Zimbabwe,2.0,1.0,African Cup of Nations,Bafoussam,Cameroon,True
2022-01-14,Gabon,Ghana,1.0,1.0,African Cup of Nations,Yaoundé,Cameroon,True
2022-01-13,Cape Verde,Burkina Faso,0.0,1.0,African Cup of Nations,Yaoundé,Cameroon,True
2022-01-13,Cameroon,Ethiopia,4.0,1.0,African Cup of Nations,Yaoundé,Cameroon,False
2022-01-12,Mauritania,Gambia,0.0,1.0,African Cup of Nations,Limbé,Cameroon,True
2022-01-12,Tunisia,Mali,0.0,1.0,African Cup of Nations,Limbé,Cameroon,True
2022-01-12,Equatorial Guinea,Ivory Coast,0.0,1.0,African Cup of Nations,Douala,Cameroon,True
2022-01-12,Iceland,Uganda,1.0,1.0,Friendly,Belek,Turkey,True
2022-01-11,Algeria,Sierra Leone,0.0,0.0,African Cup of Nations,Douala,Cameroon,True
2022-01-11,Sudan,Guinea-Bissau,0.0,0.0,African Cup of Nations,Garoua,Cameroon,True
2022-01-11,Nigeria,Egypt,1.0,0.0,African Cup of Nations,Garoua,Cameroon,True
2022-01-10,Comoros,Gabon,0.0,1.0,African Cup of Nations,Yaoundé,Cameroon,True
2022-01-10,Morocco,Ghana,1.0,0.0,African Cup of Nations,Yaoundé,Cameroon,True
2022-01-10,Guinea,Malawi,1.0,0.0,African Cup of Nations,Bafoussam,Cameroon,True
2022-01-10,Senegal,Zimbabwe,1.0,0.0,African Cup of Nations,Bafoussam,Cameroon,True
2022-01-09,Cameroon,Burkina Faso,2.0,1.0,African Cup of Nations,Yaoundé,Cameroon,False
2022-01-09,Ethiopia,Cape Verde,0.0,1.0,African Cup of Nations,Yaoundé,Cameroon,True
2022-01-06,Rwanda,Guinea,0.0,2.0,Friendly,Kigali,Rwanda,False
2022-01-05,Algeria,Ghana,3.0,0.0,Friendly,Al Rayyan,Qatar,True
2022-01-04,Mauritania,Gabon,1.0,1.0,Friendly,Dubai,United Arab Emirates,True
2022-01-03,Rwanda,Guinea,3.0,0.0,Friendly,Kigali,Rwanda,False
2022-01-02,Sudan,Zimbabwe,0.0,0.0,Friendly,Yaoundé,Cameroon,True
2022-01-02,Gabon,Burkina Faso,0.0,3.0,Friendly,Dubai,United Arab Emirates,True
